,actual_points,gameweek,name,points,pos,team_code,total_points_gw,type,value
0,8,1,CallumWilson,10.463727670718171,4.0,4,174.0,player,6.5
1,8,1,DominicCalvertLewin,10.086247912688806,4.0,11,174.0,player,7.0
2,15,1,GabrielMagalhães,12.443937882264915,2.0,3,174.0,player,5.0
3,13,1,JamieVardy,13.379982269663206,4.0,13,174.0,player,10.0
4,14,1,JeffHendrick,12.565522034710085,3.0,4,174.0,player,5.0
5,12,1,LucasDigne,11.93103834056966,2.0,11,174.0,player,6.0
6,20,1,MohamedSalah,16.02623543568685,3.0,14,174.0,player,12.0
7,14,1,ReeceJames,10.873956926829974,2.0,8,174.0,player,5.0
8,14,1,TimothyCastagne,10.116848688183683,2.0,13,174.0,player,5.5
9,10,1,VicenteGuaita,12.149726349739804,1.0,31,174.0,player,5.0
10,14,1,WillianBorgesDaSilva,10.740529807315221,3.0,3,174.0,player,8.1
11,8,1,AndrosTownsend,9.30254446362966,3.0,31,174.0,sub,6.0
12,7,1,JamalLewis,7.063885798982309,2.0,4,174.0,sub,4.5
13,8,1,JordanPickford,7.426298894761747,1.0,11,174.0,sub,5.0
14,9,1,MateuszKlich,7.63393469239957,3.0,2,174.0,sub,5.5
15,8,10,BenjaminChilwell,8.272092986575249,2.0,8,70.0,player,6.2
16,10,10,BrunoMiguelBorgesFernandes,12.99281045800555,3.0,1,70.0,player,10.9
17,2,10,DominicCalvertLewin,10.380895900116952,4.0,11,70.0,player,7.9
18,2,10,HarryKane,14.250171962785576,4.0,6,70.0,player,10.9
19,3,10,HeungMinSon,12.834560435396492,3.0,6,70.0,player,9.5
20,11,10,IllanMeslier,5.458081678158504,1.0,2,70.0,player,4.5
21,5,10,LukeAyling,6.173922389649624,2.0,2,70.0,player,4.5
22,6,10,MohamedSalah,13.57997799562643,3.0,14,70.0,player,12.2
23,2,10,PatrickBamford,10.316270016210156,4.0,2,70.0,player,6.1
24,13,10,PedroLombaNeto,7.927235412127803,3.0,39,70.0,player,5.6
25,6,10,ReeceJames,7.274919333693668,2.0,8,70.0,player,5.1
26,0,10,BaileyPeacockFarrell,0.35989078129769114,1.0,90,70.0,sub,4.0
27,0,10,JimmyDunne,1.2204708625900005,2.0,90,70.0,sub,4.0
28,2,10,OriolRomeuVidal,4.860761737420966,3.0,20,70.0,sub,4.5
29,0,10,TyrickMitchell,1.530273237382877,2.0,31,70.0,sub,4.1
30,12,11,HarryKane,15.424582800000001,4.0,6,76.0,player,10.9
31,14,11,MohamedSalah,15.19260021,3.0,14,76.0,player,12.3
32,13,11,HeungMinSon,13.612237900000002,3.0,6,76.0,player,9.5
33,6,11,DominicCalvertLewin,11.88853197,4.0,11,76.0,player,8.0
34,0,11,JackGrealish,11.57380316,3.0,7,76.0,player,7.7
35,8,11,PatrickBamford,10.56633483,4.0,2,76.0,player,6.1
36,8,11,MasonMount,9.619572514,3.0,8,76.0,player,6.8
37,2,11,BenjaminChilwell,8.316330062,2.0,8,76.0,player,6.2
38,5,11,ReeceJames,7.319907455,2.0,8,76.0,player,5.2
39,1,11,AaronCresswell,6.871562997000001,2.0,21,76.0,player,5.2
40,3,11,IllanMeslier,5.773752681,1.0,2,76.0,player,4.6
41,1,11,LukeAyling,5.91611812,2.0,2,76.0,sub,4.5
42,2,11,AlexMcCarthy,5.1792719289999996,1.0,20,76.0,sub,4.6
43,1,11,OriolRomeuVidal,4.765504083,3.0,20,76.0,sub,4.5
44,0,11,JimmyDunne,1.216806485,2.0,90,76.0,sub,3.9
45,4,12,AdemolaLookman,4.392111733115833,3.0,54,81.0,player,5.0
46,2,12,BenjaminChilwell,5.063113598725566,2.0,8,81.0,player,6.2
47,3,12,BrunoMiguelBorgesFernandes,8.11352754901988,3.0,1,81.0,player,11.0
48,5,12,DominicCalvertLewin,19.85946299975955,4.0,11,81.0,player,7.9
49,11,12,EmilianoMartínez,5.2603924495474494,1.0,7,81.0,player,4.8
50,9,12,HarryKane,22.451565852278687,4.0,6,81.0,player,10.9
51,2,12,JackGrealish,8.294634817761912,3.0,7,81.0,player,7.8
52,13,12,JamieVardy,18.657152310235524,4.0,13,81.0,player,10.3
53,5,12,JarrodBowen,4.8736597024226205,3.0,21,81.0,player,6.4
54,2,12,KurtZouma,4.602453637677577,2.0,8,81.0,player,5.7
55,8,12,TyroneMings,4.854040834515802,2.0,7,81.0,player,5.3
56,6,12,AlexMcCarthy,4.629336357860175,1.0,20,81.0,sub,4.6
57,1,12,LukeAyling,4.018633668257246,2.0,2,81.0,sub,4.5
58,1,12,StuartDallas,3.906926685626509,2.0,2,81.0,sub,4.6
59,9,12,TomasSoucek,3.830165384042578,3.0,21,81.0,sub,5.0
60,3,13,AdemolaLookman,4.54441923461421,3.0,54,65.0,player,5.0
61,5,13,BenjaminChilwell,5.03567642204457,2.0,8,65.0,player,6.2
62,2,13,BrunoMiguelBorgesFernandes,7.600781028300089,3.0,1,65.0,player,11.0
63,5,13,DominicCalvertLewin,19.734913823602874,4.0,11,65.0,player,7.9
64,8,13,EmilianoMartínez,5.495233593826342,1.0,7,65.0,player,4.9
65,2,13,HarryKane,21.15133370523484,4.0,6,65.0,player,11.0
66,3,13,JackGrealish,8.332560687196587,3.0,7,65.0,player,7.8
67,7,13,MohamedSalah,8.21389306383835,3.0,14,65.0,player,12.4
68,6,13,PatrickBamford,16.7425841780328,4.0,2,65.0,player,6.3
69,7,13,StuartDallas,4.1181556693039445,2.0,2,65.0,player,4.6
70,6,13,TyroneMings,5.076490872372143,2.0,7,65.0,player,5.3
71,3,13,AlexMcCarthy,4.492904939315161,1.0,20,65.0,sub,4.6
72,6,13,CharlieTaylor,3.634113725963714,2.0,90,65.0,sub,4.4
73,2,13,CurtisJones,2.348225725862376,3.0,14,65.0,sub,4.4
74,0,13,MaxKilman,1.8635788871457402,2.0,39,65.0,sub,4.2
75,2,14,AdemolaLookman,4.521328585096152,3.0,54,70.0,player,5.0
76,1,14,BenjaminChilwell,4.67711068767012,2.0,8,70.0,player,6.1
77,17,14,BrunoMiguelBorgesFernandes,7.929632177551537,3.0,1,70.0,player,11.0
78,4,14,DominicCalvertLewin,18.662504552612614,4.0,11,70.0,player,7.9
79,6,14,EmilianoMartínez,5.515431123836639,1.0,7,70.0,player,4.9
80,2,14,HarryKane,20.428019959962327,4.0,6,70.0,player,11.0
81,10,14,JackGrealish,8.507002974096475,3.0,7,70.0,player,7.8
82,12,14,JamieVardy,19.39476307033982,4.0,13,70.0,player,10.2
83,6,14,KurtZouma,4.518700508843423,2.0,8,70.0,player,5.8
84,2,14,PedroLombaNeto,4.57339156861264,3.0,39,70.0,player,5.9
85,5,14,TyroneMings,5.20520875279926,2.0,7,70.0,player,5.3
86,1,14,IllanMeslier,4.341367045149913,1.0,2,70.0,sub,4.6
87,2,14,JackHarrison,4.211169146508632,3.0,2,70.0,sub,5.4
88,-1,14,LukeAyling,3.8606315029748033,2.0,2,70.0,sub,4.5
89,1,14,VladimirCoufal,3.841444784117909,2.0,21,70.0,sub,4.6
90,0,16,AdemolaLookman,4.521328585096152,3.0,54,40.0,player,5.0
91,5,16,BenjaminChilwell,4.67711068767012,2.0,8,40.0,player,6.1
92,6,16,BrunoMiguelBorgesFernandes,7.929632177551537,3.0,1,40.0,player,11.0
93,0,16,DominicCalvertLewin,18.662504552612614,4.0,11,40.0,player,7.9
94,3,16,EmilianoMartínez,5.515431123836639,1.0,7,40.0,player,4.9
95,0,16,HarryKane,20.428019959962327,4.0,6,40.0,player,11.0
96,2,16,JackGrealish,8.507002974096475,3.0,7,40.0,player,7.8
97,1,16,JamieVardy,19.39476307033982,4.0,13,40.0,player,10.2
98,0,16,KurtZouma,4.518700508843423,2.0,8,40.0,player,5.8
99,3,16,PedroLombaNeto,4.57339156861264,3.0,39,40.0,player,5.9
100,0,16,TyroneMings,5.20520875279926,2.0,7,40.0,player,5.3
101,6,16,IllanMeslier,4.341367045149913,1.0,2,40.0,sub,4.6
102,8,16,JackHarrison,4.211169146508632,3.0,2,40.0,sub,5.4
103,6,16,LukeAyling,3.8606315029748033,2.0,2,40.0,sub,4.5
104,0,16,VladimirCoufal,3.841444784117909,2.0,21,40.0,sub,4.6
105,0,17,AdemolaLookman,4.583075998,3.0,54,57.0,player,5.0
106,10,17,BrunoMiguelBorgesFernandes,8.223634012,3.0,1,57.0,player,11.3
107,2,17,CallumWilson,12.66944938,4.0,4,57.0,player,6.6
108,12,17,HarryKane,19.96516564,4.0,6,57.0,player,11.0
109,13,17,HeungMinSon,6.040802225,3.0,6,57.0,player,9.8
110,0,17,JamesTarkowski,3.739431114,2.0,90,57.0,player,5.3
111,2,17,JoãoPedroCavacoCancelo,4.503930377,2.0,43,57.0,player,5.8
112,2,17,MarcusRashford,5.568256063,3.0,1,57.0,player,9.6
113,7,17,NealMaupay,11.80039219,4.0,36,57.0,player,6.1
114,0,17,NickPope,4.836583493,1.0,90,57.0,player,5.4
115,2,17,RúbenSantosGatoAlvesDias,4.331435902,2.0,43,57.0,player,5.8
116,0,17,AndréFrankZamboAnguissa,2.542939927,3.0,54,57.0,sub,4.5
117,0,17,AntoneeRobinson,3.023935287,2.0,54,57.0,sub,4.4
118,7,17,BerndLeno,3.734556705,1.0,3,57.0,sub,4.9
119,0,17,CharlieTaylor,3.190336592,2.0,90,57.0,sub,4.5
120,4,18,AdemolaLookman,4.500897669152142,3.0,54,23.0,player,5.0
121,2,18,BrunoMiguelBorgesFernandes,8.102047796056036,3.0,1,23.0,player,11.3
122,0,18,EmilianoMartínez,5.399854912118702,1.0,7,23.0,player,5.1
123,8,18,HarryKane,19.92110794923312,4.0,6,23.0,player,11.1
124,0,18,JackGrealish,7.9825676046943554,3.0,7,23.0,player,7.7
125,6,18,JoãoPedroCavacoCancelo,4.774796501799983,2.0,43,23.0,player,5.8
126,0,18,KyleWalkerPeters,4.157469613112685,2.0,20,23.0,player,4.8
127,0,18,MohamedSalah,7.435074103893077,3.0,14,23.0,player,12.5
128,0,18,OllieWatkins,16.516301108762402,4.0,7,23.0,player,6.1
129,0,18,PatrickBamford,16.093153842109587,4.0,2,23.0,player,6.6
130,0,18,StuartDallas,4.364772298818041,2.0,2,23.0,player,4.8
131,0,18,AlexMcCarthy,4.460293434115381,1.0,20,23.0,sub,4.7
132,3,18,BukayoSaka,4.246263234824924,3.0,3,23.0,sub,5.3
133,0,18,LukeAyling,4.063917194409411,2.0,2,23.0,sub,4.5
134,0,18,VladimirCoufal,3.6698888636985694,2.0,21,23.0,sub,4.7
135,3,19,BrunoMiguelBorgesFernandes,7.7967892927818685,3.0,1,50.0,player,11.3
136,0,19,DominicCalvertLewin,16.136050980842022,4.0,11,50.0,player,7.6
137,3,19,EmilianoMartínez,5.5372017782844045,1.0,7,50.0,player,5.1
138,9,19,HarryKane,20.268100596165198,4.0,6,50.0,player,11.2
139,2,19,JackGrealish,7.603080761975289,3.0,7,50.0,player,7.7
140,1,19,JoãoPedroCavacoCancelo,4.755915277014012,2.0,43,50.0,player,5.8
141,11,19,MasonMount,5.261662663147302,3.0,8,50.0,player,6.8
142,3,19,MohamedSalah,7.219446289697876,3.0,14,50.0,player,12.5
143,2,19,OllieWatkins,16.114225655104185,4.0,7,50.0,player,6.1
144,11,19,RúbenSantosGatoAlvesDias,4.957507882853415,2.0,43,50.0,player,5.9
145,2,19,StuartDallas,4.162748655951752,2.0,2,50.0,player,4.8
146,1,19,AdemolaLookman,4.535999980785512,3.0,54,50.0,sub,5.0
147,0,19,IllanMeslier,4.508271322766447,1.0,2,50.0,sub,4.7
148,1,19,KyleWalkerPeters,4.015975208735176,2.0,20,50.0,sub,4.8
149,1,19,LukeAyling,3.988969770691989,2.0,2,50.0,sub,4.5
150,9,2,AndrosTownsend,8.865088504135025,3.0,31,142.0,player,6.0
151,17,2,DominicCalvertLewin,11.770668128274195,4.0,11,142.0,player,7.2
152,13,2,EmilianoMartínez,8.993590403595732,1.0,7,142.0,player,4.5
153,15,2,EzriKonsaNgoyo,12.269630987040124,2.0,7,142.0,player,4.5
154,13,2,HarveyBarnes,9.129293576064764,3.0,13,142.0,player,7.0
155,13,2,KevinDeBruyne,13.591230916816798,3.0,43,142.0,player,11.6
156,1,2,LucasDigne,7.730309161941383,2.0,11,142.0,player,6.1
157,3,2,MohamedSalah,11.350685068364207,3.0,14,142.0,player,12.1
158,16,2,NealMaupay,7.731518339933635,4.0,36,142.0,player,6.5
159,9,2,TimothyCastagne,8.66045587229916,2.0,13,142.0,player,5.5
160,15,2,WilfriedZaha,8.418191593847352,3.0,31,142.0,player,7.1
161,12,2,AleksandarMitrović,6.203917478435264,4.0,54,142.0,sub,6.0
162,2,2,GabrielMagalhães,7.159504713135378,2.0,3,142.0,sub,5.1
163,1,2,RomainSaïss,7.115503240049452,2.0,39,142.0,sub,5.1
164,3,2,VicenteGuaita,6.995949249293313,1.0,31,142.0,sub,5.0
165,2,20,AndrewRobertson,4.816555259976617,2.0,14,48.0,player,7.4
166,2,20,BrunoMiguelBorgesFernandes,7.7237019096767074,3.0,1,48.0,player,11.4
167,2,20,DominicCalvertLewin,15.721892246585176,4.0,11,48.0,player,7.6
168,1,20,EmilianoMartínez,5.45960052083668,1.0,7,48.0,player,5.1
169,1,20,HarryKane,19.297775539018254,4.0,6,48.0,player,11.3
170,8,20,JackGrealish,7.7880163096966575,3.0,7,48.0,player,7.7
171,17,20,JoãoPedroCavacoCancelo,5.2055912387149,2.0,43,48.0,player,5.9
172,1,20,MasonMount,5.084419610220754,3.0,8,48.0,player,6.8
173,2,20,MohamedSalah,7.060902749861947,3.0,14,48.0,player,12.5
174,6,20,OllieWatkins,17.00477652924828,4.0,7,48.0,player,6.2
175,6,20,RúbenSantosGatoAlvesDias,5.035496852382603,2.0,43,48.0,player,5.9
176,0,20,BarryDouglas,-0.005393437708901011,2.0,2,48.0,sub,3.8
177,0,20,ChristianWalton,-0.018196688704993025,1.0,36,48.0,sub,4.0
178,0,20,DaleStephens,0.06265808928893035,3.0,90,48.0,sub,4.3
179,0,20,JimmyDunne,0.4334154923610392,2.0,90,48.0,sub,3.8
180,3,21,BrunoMiguelBorgesFernandes,7.499647743024992,3.0,1,74.0,player,11.4
181,10,21,EmilianoMartínez,5.63048890126046,1.0,7,74.0,player,5.1
182,0,21,HarryKane,18.513144402522347,4.0,6,74.0,player,11.1
183,6,21,JackGrealish,7.561900882092535,3.0,7,74.0,player,7.8
184,0,21,JoãoPedroCavacoCancelo,4.960306345683655,2.0,43,74.0,player,6.0
185,15,21,MohamedSalah,7.294369160805104,3.0,14,74.0,player,12.6
186,2,21,OllieWatkins,16.93039574128035,4.0,7,74.0,player,6.3
187,15,21,PatrickBamford,15.24775034093472,4.0,2,74.0,player,6.6
188,2,21,PedroLombaNeto,4.658610845833829,3.0,39,74.0,player,5.8
189,8,21,RúbenSantosGatoAlvesDias,5.140380927847849,2.0,43,74.0,player,6.0
190,7,21,StuartDallas,4.039558730957802,2.0,2,74.0,player,4.8
191,2,21,AdemolaLookman,4.528324797232004,3.0,54,74.0,sub,5.0
192,3,21,AlexMcCarthy,4.085509434692237,1.0,20,74.0,sub,4.6
193,0,21,KyleWalkerPeters,3.608510277667434,2.0,20,74.0,sub,4.7
194,1,21,LukeAyling,3.801344194738904,2.0,2,74.0,sub,4.5
195,17,22,BrunoMiguelBorgesFernandes,7.808242100354072,3.0,1,74.0,player,11.4
196,9,22,DominicCalvertLewin,16.072673250608993,4.0,11,74.0,player,7.6
197,4,22,EmilianoMartínez,5.531963099750524,1.0,7,74.0,player,5.2
198,0,22,HarryKane,17.819930209554734,4.0,6,74.0,player,11.0
199,6,22,JackGrealish,7.474540299465451,3.0,7,74.0,player,7.8
200,6,22,JoãoPedroCavacoCancelo,5.093304563797644,2.0,43,74.0,player,6.0
201,2,22,MohamedSalah,7.167172486702155,3.0,14,74.0,player,12.7
202,6,22,OllieWatkins,16.915754888028474,4.0,7,74.0,player,6.3
203,9,22,RaphaelDiasBelloli,4.655141044598065,3.0,2,74.0,player,5.3
204,6,22,RúbenSantosGatoAlvesDias,5.1853969953198185,2.0,43,74.0,player,6.1
205,1,22,StuartDallas,3.981116522679984,2.0,2,74.0,player,4.8
206,6,22,AdamWebster,3.1826490135223904,2.0,36,74.0,sub,4.4
207,2,22,AdemolaLookman,4.410703192279816,3.0,54,74.0,sub,5.0
208,0,22,AlexMcCarthy,3.9987007671452126,1.0,20,74.0,sub,4.6
209,0,22,LukeAyling,3.819381215363032,2.0,2,74.0,sub,4.4
210,7,23,BrunoMiguelBorgesFernandes,7.7821567930423345,3.0,1,102.0,player,11.5
211,12,23,DominicCalvertLewin,16.146433931605454,4.0,11,102.0,player,7.7
212,9,23,EmilianoMartínez,5.628319634942371,1.0,7,102.0,player,5.2
213,8,23,HarryKane,18.17838139100515,4.0,6,102.0,player,11.0
214,2,23,JackGrealish,7.3737172656505585,3.0,7,102.0,player,7.8
215,2,23,JoãoPedroCavacoCancelo,4.914925653578525,2.0,43,102.0,player,6.0
216,8,23,MasonMount,5.150620070909756,3.0,8,102.0,player,6.8
217,7,23,MohamedSalah,7.091267609476093,3.0,14,102.0,player,12.7
218,9,23,OllieWatkins,16.954136944716275,4.0,7,102.0,player,6.4
219,1,23,RúbenSantosGatoAlvesDias,4.9744487600581815,2.0,43,102.0,player,6.1
220,12,23,StuartDallas,4.206562792204085,2.0,2,102.0,player,4.8
221,3,23,AdemolaLookman,4.436197102051223,3.0,54,102.0,sub,5.0
222,10,23,IllanMeslier,4.379258157934596,1.0,2,102.0,sub,4.7
223,6,23,LukeAyling,4.022068567406121,2.0,2,102.0,sub,4.4
224,6,23,TosinAdarabioyo,3.1547785371624397,2.0,54,102.0,sub,4.5
225,9,24,BrunoMiguelBorgesFernandes,7.7172241818612575,3.0,1,55.0,player,11.5
226,12,24,EmilianoMartínez,5.849184415335503,1.0,7,55.0,player,5.3
227,2,24,HarryKane,17.682982037057073,4.0,6,55.0,player,11.0
228,2,24,JackGrealish,7.098105227196307,3.0,7,55.0,player,7.8
229,6,24,JoãoPedroCavacoCancelo,4.983807633971684,2.0,43,55.0,player,6.1
230,3,24,MasonMount,5.1867844206722085,3.0,8,55.0,player,6.8
231,7,24,MohamedSalah,7.101689516819446,3.0,14,55.0,player,12.6
232,2,24,OllieWatkins,16.285683727491268,4.0,7,55.0,player,6.5
233,2,24,PatrickBamford,15.223792183831927,4.0,2,55.0,player,6.9
234,0,24,RúbenSantosGatoAlvesDias,4.6195863810273865,2.0,43,55.0,player,6.1
235,-1,24,StuartDallas,4.101803352411247,2.0,2,55.0,player,4.9
236,3,24,AdemolaLookman,4.338389517102287,3.0,54,55.0,sub,5.0
237,2,24,BerndLeno,3.8057451981450017,1.0,3,55.0,sub,5.0
238,0,24,LukeAyling,3.8890905892278864,2.0,2,55.0,sub,4.4
239,6,24,VladimirCoufal,3.7837611362528847,2.0,21,55.0,sub,4.7
240,12,25,BrunoMiguelBorgesFernandes,7.758783198152551,3.0,1,40.0,player,11.6
241,2,25,EmilianoMartínez,5.674157527716536,1.0,7,40.0,player,5.3
242,2,25,HarryKane,17.544752751128385,4.0,6,40.0,player,11.1
243,5,25,JoãoPedroCavacoCancelo,5.07394099962443,2.0,43,40.0,player,6.1
244,1,25,MattTargett,4.5596894671527055,2.0,7,40.0,player,4.9
245,2,25,MohamedSalah,7.037326073430531,3.0,14,40.0,player,12.6
246,2,25,OllieWatkins,16.062841159405238,4.0,7,40.0,player,6.5
247,2,25,PatrickBamford,14.966502128654561,4.0,2,40.0,player,6.9
248,4,25,RaphaelDiasBelloli,5.223729352540102,3.0,2,40.0,player,5.4
249,7,25,RúbenSantosGatoAlvesDias,4.699307169702182,2.0,43,40.0,player,6.1
250,1,25,SadioMané,6.014437939459054,3.0,14,40.0,player,11.8
251,0,25,DaleStephens,0.0011217252643270117,3.0,90,40.0,sub,4.2
252,0,25,FabricioAgostoRamírez,-0.0215379376348791,1.0,54,40.0,sub,3.9
253,0,25,JimmyDunne,0.3502313794367617,2.0,90,40.0,sub,3.8
254,0,25,NathanFerguson,0.004453904237579384,2.0,31,40.0,sub,3.8
255,3,26,BrunoMiguelBorgesFernandes,7.758783198152551,3.0,1,50.0,player,11.6
256,10,26,EmilianoMartínez,5.674157527716536,1.0,7,50.0,player,5.3
257,6,26,HarryKane,17.544752751128385,4.0,6,50.0,player,11.1
258,0,26,JoãoPedroCavacoCancelo,5.07394099962443,2.0,43,50.0,player,6.1
259,5,26,MattTargett,4.5596894671527055,2.0,7,50.0,player,4.9
260,3,26,MohamedSalah,7.037326073430531,3.0,14,50.0,player,12.6
261,5,26,OllieWatkins,16.062841159405238,4.0,7,50.0,player,6.5
262,2,26,PatrickBamford,14.966502128654561,4.0,2,50.0,player,6.9
263,2,26,RaphaelDiasBelloli,5.223729352540102,3.0,2,50.0,player,5.4
264,10,26,RúbenSantosGatoAlvesDias,4.699307169702182,2.0,43,50.0,player,6.1
265,3,26,SadioMané,6.014437939459054,3.0,14,50.0,player,11.8
266,1,26,DaleStephens,0.0011217252643270117,3.0,90,50.0,sub,4.2
267,0,26,FabricioAgostoRamírez,-0.0215379376348791,1.0,54,50.0,sub,3.9
268,0,26,JimmyDunne,0.3502313794367617,2.0,90,50.0,sub,3.8
269,0,26,NathanFerguson,0.004453904237579384,2.0,31,50.0,sub,3.8
270,10,27,BrunoMiguelBorgesFernandes,7.418094273504258,3.0,1,53.0,player,11.5
271,7,27,EmilianoMartínez,5.687896266375272,1.0,7,53.0,player,5.4
272,19,27,HarryKane,18.336173286859555,4.0,6,53.0,player,11.3
273,1,27,JoãoPedroCavacoCancelo,4.613035987490235,2.0,43,53.0,player,6.2
274,6,27,MattTargett,4.552300947205107,2.0,7,53.0,player,5.0
275,2,27,MohamedSalah,6.768151276760692,3.0,14,53.0,player,12.5
276,2,27,OllieWatkins,15.690439999804099,4.0,7,53.0,player,6.6
277,2,27,PatrickBamford,14.432583196421625,4.0,2,53.0,player,6.8
278,2,27,RaphaelDiasBelloli,5.26155370769935,3.0,2,53.0,player,5.5
279,1,27,RúbenSantosGatoAlvesDias,4.330184568279097,2.0,43,53.0,player,6.1
280,1,27,SadioMané,5.6582973897446,3.0,14,53.0,player,11.8
281,0,27,DaleStephens,-0.011649173085266806,3.0,90,53.0,sub,4.2
282,0,27,DavidButton,0.03279694255492216,1.0,35,53.0,sub,3.9
283,0,27,JimmyDunne,0.3220081982660248,2.0,90,53.0,sub,3.8
284,0,27,NathanFerguson,0.004453904237579384,2.0,31,53.0,sub,3.8
285,2,28,AaronCresswell,4.082340671978081,2.0,21,62.0,player,5.9
286,2,28,AdemolaLookman,4.597153616496077,3.0,54,62.0,player,5.1
287,3,28,BrunoMiguelBorgesFernandes,5.213885698436588,3.0,1,62.0,player,11.5
288,3,28,EmilianoMartínez,5.461547767072028,1.0,7,62.0,player,5.4
289,2,28,HarryKane,13.548294195654481,4.0,6,62.0,player,11.5
290,4,28,MattTargett,4.5220152690161335,2.0,7,62.0,player,5.1
291,3,28,MohamedSalah,4.826159248390368,3.0,14,62.0,player,12.4
292,2,28,NealMaupay,8.436047503779308,4.0,36,62.0,player,6.1
293,5,28,OllieWatkins,11.435258260978975,4.0,7,62.0,player,6.6
294,3,28,RaphaelDiasBelloli,5.263164596699778,3.0,2,62.0,player,5.6
295,6,28,StuartDallas,4.048668429243809,2.0,2,62.0,player,5.1
296,11,28,IllanMeslier,4.32806772918602,1.0,2,62.0,sub,4.6
297,12,28,JoãoPedroCavacoCancelo,3.5162134822955755,2.0,43,62.0,sub,6.1
298,2,28,TomasSoucek,4.0668688477079185,3.0,21,62.0,sub,5.3
299,2,28,VladimirCoufal,3.547317825541361,2.0,21,62.0,sub,4.6
300,0,29,AndrewRobertson,4.307870510297902,2.0,14,16.0,player,7.1
301,0,29,BrunoMiguelBorgesFernandes,6.95184759791545,3.0,1,16.0,player,11.5
302,0,29,DominicCalvertLewin,10.803384457055456,4.0,11,16.0,player,7.6
303,1,29,EmilianoMartínez,5.2992742529058745,1.0,7,16.0,player,5.4
304,0,29,HarryMaguire,4.164204527485852,2.0,1,16.0,player,5.5
305,0,29,JamieVardy,11.03171744463272,4.0,13,16.0,player,10.1
306,0,29,MasonMount,5.026113425690738,3.0,8,16.0,player,7.0
307,0,29,MattTargett,4.4476311723155035,2.0,7,16.0,player,5.1
308,0,29,MohamedSalah,6.518540055884611,3.0,14,16.0,player,12.4
309,2,29,OllieWatkins,11.175451539328613,4.0,7,16.0,player,6.6
310,8,29,RaphaelDiasBelloli,5.280167653159731,3.0,2,16.0,player,5.7
311,3,29,IllanMeslier,4.28940410681388,1.0,2,16.0,sub,4.6
312,0,29,LukeShaw,3.982008790107992,2.0,1,16.0,sub,5.2
313,0,29,PedroLombaNeto,4.824844356214912,3.0,39,16.0,sub,5.7
314,2,29,StuartDallas,3.9322128201525928,2.0,2,16.0,sub,5.1
315,6,3,DominicCalvertLewin,6.775838745341168,4.0,11,97.0,player,7.4
316,5,3,HarryKane,6.465109992189202,4.0,6,97.0,player,10.5
317,2,3,HarveyBarnes,5.743872779974987,3.0,13,97.0,player,7.0
318,8,3,JackGrealish,6.674375683536125,3.0,7,97.0,player,7.0
319,1,3,JamesJustin,3.5115573886336566,2.0,13,97.0,player,4.7
320,10,3,JohnMcGinn,5.9852768456990875,3.0,7,97.0,player,5.5
321,8,3,KarlDarlow,4.592491733381788,1.0,4,97.0,player,5.0
322,5,3,MohamedSalah,9.392359077076263,3.0,14,97.0,player,12.1
323,1,3,ReeceJames,4.521525598102231,2.0,8,97.0,player,5.1
324,7,3,SadioMané,7.704837808356513,3.0,14,97.0,player,11.9
325,12,3,TyroneMings,5.244263399404791,2.0,7,97.0,player,5.0
326,12,3,ArthurMasuaku,2.8764024558731567,2.0,21,97.0,sub,4.5
327,10,3,IllanMeslier,2.9941333401505634,1.0,2,97.0,sub,4.5
328,2,3,JimmyDunne,2.8789248303955053,2.0,90,97.0,sub,4.0
329,8,3,PatrickBamford,3.97097391067428,4.0,2,97.0,sub,5.8
330,15,4,AaronCresswell,4.4431480700717225,2.0,21,162.0,player,4.9
331,-1,4,AndrewRobertson,4.319687390996588,2.0,14,162.0,player,7.0
332,6,4,DominicCalvertLewin,6.16397461057278,4.0,11,162.0,player,7.6
333,16,4,HarryKane,7.066626716649593,4.0,6,162.0,player,10.6
334,18,4,HeungMinSon,6.802021027955173,3.0,6,162.0,player,9.0
335,24,4,JackGrealish,7.4950019902817875,3.0,7,162.0,player,7.0
336,18,4,JamesRodríguez,5.590486588432021,3.0,11,162.0,player,7.8
337,2,4,KarlDarlow,3.9161144744740533,1.0,4,162.0,player,5.0
338,13,4,MohamedSalah,9.115404494855477,3.0,14,162.0,player,12.2
339,19,4,OllieWatkins,5.673602241444132,4.0,7,162.0,player,5.9
340,1,4,TyroneMings,3.930162372335787,2.0,7,162.0,player,5.0
341,9,4,AlexMcCarthy,2.989203724513972,1.0,20,162.0,sub,4.5
342,6,4,ArthurMasuaku,3.0735071537201857,2.0,21,162.0,sub,4.5
343,5,4,KyleWalkerPeters,3.024520467975175,2.0,20,162.0,sub,4.5
344,11,4,OriolRomeuVidal,3.0642047246781563,3.0,20,162.0,sub,4.5
345,5,5,AaronCresswell,4.189375973938787,2.0,21,95.0,player,5.0
346,6,5,AndrewRobertson,4.25525669115638,2.0,14,95.0,player,7.1
347,6,5,DominicCalvertLewin,6.0926522575232935,4.0,11,95.0,player,7.7
348,16,5,HarryKane,7.5678048854172015,4.0,6,95.0,player,10.8
349,13,5,HeungMinSon,7.368740499034643,3.0,6,95.0,player,9.4
350,3,5,JackGrealish,7.845074369079465,3.0,7,95.0,player,7.2
351,5,5,JohnMcGinn,5.679691367330973,3.0,7,95.0,player,5.5
352,8,5,KarlDarlow,4.270285168569099,1.0,4,95.0,player,5.0
353,7,5,MohamedSalah,8.889845239921122,3.0,14,95.0,player,12.3
354,2,5,OllieWatkins,5.916209392795787,4.0,7,95.0,player,6.0
355,7,5,RomainSaïss,3.710903759046894,2.0,39,95.0,player,5.2
356,1,5,LukeAyling,3.0553801590980965,2.0,2,95.0,sub,4.5
357,9,5,SamJohnstone,3.1988618299370253,1.0,35,95.0,sub,4.5
358,3,5,SolomonMarch,3.5502731760971997,3.0,36,95.0,sub,5.0
359,4,5,VladimirCoufal,3.276592628974285,2.0,21,95.0,sub,4.5
360,2,6,AaronCresswell,3.72335418550408,2.0,21,75.0,player,5.0
361,3,6,BrunoMiguelBorgesFernandes,6.43491327921408,3.0,1,75.0,player,10.5
362,3,6,EmilianoMartínez,4.469831997453643,1.0,7,75.0,player,4.8
363,5,6,HarryKane,7.263243367178643,4.0,6,75.0,player,10.9
364,11,6,HeungMinSon,7.4284586542983355,3.0,6,75.0,player,9.5
365,1,6,JackGrealish,6.925251840233824,3.0,7,75.0,player,7.3
366,6,6,LukeAyling,3.2287130060332987,2.0,2,75.0,player,4.5
367,2,6,MohamedSalah,8.226648679428568,3.0,14,75.0,player,12.4
368,2,6,OllieWatkins,5.298968556427911,4.0,7,75.0,player,6.0
369,17,6,PatrickBamford,5.132719384118059,4.0,2,75.0,player,5.9
370,7,6,RomainSaïss,3.7008885643382814,2.0,39,75.0,player,5.3
371,6,6,AlexMcCarthy,2.988114851088686,1.0,20,75.0,sub,4.5
372,1,6,FabiánBalbuena,1.9741924757737428,2.0,21,75.0,sub,4.4
373,3,6,OriolRomeuVidal,3.0249413340855837,3.0,20,75.0,sub,4.5
374,6,6,StuartDallas,2.9918161588120644,2.0,2,75.0,sub,4.5
375,8,7,DominicCalvertLewin,5.61831067165565,4.0,11,101.0,player,7.7
376,6,7,HarryKane,6.683427276938713,4.0,6,101.0,player,11.0
377,2,7,HeungMinSon,6.555371886471742,3.0,6,101.0,player,9.6
378,15,7,JackGrealish,7.274148821382536,3.0,7,101.0,player,7.4
379,3,7,KarlDarlow,3.6656366812704384,1.0,4,101.0,player,5.0
380,14,7,KurtZouma,3.6143948347721193,2.0,8,101.0,player,5.2
381,8,7,MohamedSalah,7.824111143679548,3.0,14,101.0,player,12.4
382,8,7,NélsonCabralSemedo,3.5930105633098326,2.0,39,101.0,player,5.5
383,7,7,OllieWatkins,5.3281542462919615,4.0,7,101.0,player,6.0
384,7,7,PedroLombaNeto,4.878045592373467,3.0,39,101.0,player,5.5
385,6,7,TyroneMings,3.770548842229308,2.0,7,101.0,player,5.2
386,3,7,AlexMcCarthy,3.2452431221289304,1.0,20,101.0,sub,4.5
387,8,7,DanielCasteloPodence,4.115117855424672,3.0,39,101.0,sub,5.5
388,0,7,LukeAyling,3.1256545582606816,2.0,2,101.0,sub,4.5
389,6,7,ReeceJames,3.3189379249995334,2.0,8,101.0,sub,5.0
390,6,8,AaronCresswell,3.8316370306517364,2.0,21,94.0,player,5.1
391,8,8,BenjaminChilwell,4.035857388041367,2.0,8,94.0,player,6.0
392,17,8,BrunoMiguelBorgesFernandes,5.989397663756857,3.0,1,94.0,player,10.6
393,9,8,HarryKane,7.196318955731357,4.0,6,94.0,player,11.0
394,3,8,HeungMinSon,6.565052697440209,3.0,6,94.0,player,9.5
395,6,8,JackGrealish,7.434513894520433,3.0,7,94.0,player,7.5
396,2,8,KarlDarlow,3.5893116532874543,1.0,4,94.0,player,5.0
397,13,8,OllieWatkins,5.810921263807079,4.0,7,94.0,player,6.1
398,7,8,PatrickBamford,4.638626442341514,4.0,2,94.0,player,6.1
399,6,8,TyroneMings,3.753497460769087,2.0,7,94.0,player,5.3
400,5,8,WilfriedZaha,4.621680026046389,3.0,31,94.0,player,7.4
401,6,8,AlexMcCarthy,3.344877884626897,1.0,20,94.0,sub,4.5
402,2,8,KurtZouma,3.3327467417530214,2.0,8,94.0,sub,5.4
403,2,8,PedroLombaNeto,4.354243671841858,3.0,39,94.0,sub,5.5
404,2,8,ReeceJames,3.2107022237855576,2.0,8,94.0,sub,5.0
405,7,9,AaronCresswell,3.8316370306517364,2.0,21,73.0,player,5.1
406,7,9,BenjaminChilwell,4.035857388041367,2.0,8,73.0,player,6.0
407,11,9,BrunoMiguelBorgesFernandes,5.989397663756857,3.0,1,73.0,player,10.6
408,4,9,HarryKane,7.196318955731357,4.0,6,73.0,player,11.0
409,10,9,HeungMinSon,6.565052697440209,3.0,6,73.0,player,9.5
410,1,9,JackGrealish,7.434513894520433,3.0,7,73.0,player,7.5
411,1,9,KarlDarlow,3.5893116532874543,1.0,4,73.0,player,5.0
412,2,9,OllieWatkins,5.810921263807079,4.0,7,73.0,player,6.1
413,2,9,PatrickBamford,4.638626442341514,4.0,2,73.0,player,6.1
414,1,9,TyroneMings,3.753497460769087,2.0,7,73.0,player,5.3
415,0,9,WilfriedZaha,4.621680026046389,3.0,31,73.0,player,7.4
416,7,9,AlexMcCarthy,3.344877884626897,1.0,20,73.0,sub,4.5
417,6,9,KurtZouma,3.3327467417530214,2.0,8,73.0,sub,5.4
418,6,9,PedroLombaNeto,4.354243671841858,3.0,39,73.0,sub,5.5
419,8,9,ReeceJames,3.2107022237855576,2.0,8,73.0,sub,5.0
