first_name,second_name,goals_scored,assists,total_points,minutes,goals_conceded,creativity,influence,threat,bonus,bps,ict_index,clean_sheets,red_cards,yellow_cards,selected_by_percent,now_cost
Mesut,Özil,0,0,0,0,0,0.0,0.0,0.0,0,0,0.0,0,0,0,0.5,67
Sokratis,Papastathopoulos,0,0,0,0,0,0.0,0.0,0.0,0,0,0.0,0,0,0,0.1,48
David,Luiz Moreira Marinho,1,0,40,1344,20,45.2,244.6,123.0,0,223,41.0,3,1,1,0.8,54
Pierre-Emerick,Aubameyang,9,1,108,2007,25,292.4,428.2,731.0,10,306,144.9,7,0,2,6.6,113
Cédric,Soares,0,1,28,744,11,114.8,110.8,66.0,3,125,29.2,2,0,1,0.3,46
Alexandre,Lacazette,13,3,126,1864,20,303.5,598.2,797.0,21,446,169.6,7,0,3,5.6,84
Shkodran,Mustafi,0,0,3,45,1,1.0,11.6,0.0,0,16,1.3,0,0,0,0.0,50
Bernd,Leno,0,0,110,2771,35,0.0,617.6,2.0,8,539,61.9,9,1,0,7.1,50
Granit,Xhaka,1,2,64,2327,27,283.1,416.0,124.0,1,365,82.5,8,1,6,0.4,52
Pablo,Marí,0,0,28,810,8,26.2,147.6,16.0,1,156,19.0,3,0,2,0.1,44
Héctor,Bellerín,1,3,85,1977,24,333.3,352.2,192.0,15,389,87.8,6,0,8,3.8,50
Calum,Chambers,0,1,16,442,8,95.1,70.2,52.0,1,82,21.8,1,0,0,0.2,45
Sead,Kolasinac,0,0,2,90,1,5.4,3.6,4.0,0,9,1.3,0,0,0,0.1,48
Rob,Holding,0,1,87,2197,24,67.9,507.0,95.0,8,456,67.1,9,0,2,4.8,42
Kieran,Tierney,1,3,78,2015,25,448.4,395.8,181.0,4,423,102.7,6,0,4,3.8,52
Nicolas,Pépé,5,3,73,1324,19,213.7,282.2,637.0,3,218,113.1,3,1,1,1.2,76
Lucas,Torreira,0,0,0,0,0,0.0,0.0,0.0,0,0,0.0,0,0,0,0.1,47
Reiss,Nelson,0,0,2,70,0,9.7,4.2,10.0,0,2,2.4,0,0,0,0.0,51
Edward,Nketiah,2,1,36,411,6,97.3,116.6,211.0,5,120,42.1,1,0,0,0.6,53
Emile,Smith Rowe,0,5,50,1123,9,319.5,172.2,165.0,0,215,65.8,6,0,0,2.2,42
Bukayo,Saka,5,4,103,2319,29,598.7,449.2,943.0,8,376,199.1,7,0,1,7.8,51
Matteo,Guendouzi,0,0,0,0,0,0.0,0.0,0.0,0,0,0.0,0,0,0,0.1,47
Gabriel Teodoro,Martinelli Silva,1,0,22,417,3,67.4,78.6,229.0,0,58,37.4,3,0,0,0.3,49
William,Saliba,0,0,0,0,0,0.0,0.0,0.0,0,0,0.0,0,0,0,0.5,40
Mathew,Ryan,0,0,31,1170,21,10.7,181.6,2.0,0,192,19.4,2,0,1,5.8,41
Willian,Borges Da Silva,0,7,65,1218,16,413.1,187.8,205.0,6,252,81.0,2,0,0,2.7,75
Gabriel,Magalhães,2,0,55,1546,22,30.8,375.4,199.0,6,285,60.6,3,1,2,4.5,49
Daniel,Ceballos Fernández,0,4,58,1444,16,382.5,334.0,133.0,7,305,85.0,5,0,3,0.7,47
Mohamed Naser,El Sayed Elneny,0,0,33,1178,18,82.0,130.8,29.0,0,187,24.0,3,0,2,1.0,42
Matt,Macey,0,0,0,0,0,0.0,0.0,0.0,0,0,0.0,0,0,0,0.9,40
Rúnar Alex,Rúnarsson,0,0,1,15,0,0.0,16.6,0.0,0,8,1.7,0,0,0,0.0,44
Thomas,Partey,0,2,38,1253,17,183.1,243.6,99.0,0,229,52.8,4,0,4,0.3,49
Martin,Ødegaard,1,0,24,577,12,170.7,95.4,123.0,3,109,38.8,0,0,0,0.8,58
Miguel,Azeez,0,0,0,0,0,0.0,0.0,0.0,0,0,0.0,0,0,0,0.0,45
Emiliano,Martínez,0,0,164,2880,37,20.0,878.4,0.0,24,710,89.6,14,0,0,40.3,54
Tom,Heaton,0,0,0,0,0,0.0,0.0,0.0,0,0,0.0,0,0,0,0.1,45
Ahmed,El Mohamady,0,0,31,698,6,177.2,137.4,48.0,4,160,36.4,3,0,2,0.4,43
Henri,Lansbury,0,0,0,0,0,0.0,0.0,0.0,0,0,0.0,0,0,0,0.1,43
Neil,Taylor,0,0,-1,15,2,0.7,0.8,0.0,0,1,0.2,0,0,1,0.2,42
Jed,Steer,0,0,0,0,0,0.0,0.0,0.0,0,0,0.0,0,0,0,4.4,39
Conor,Hourihane,1,1,20,225,2,82.9,65.4,33.0,3,70,18.2,2,0,0,0.1,59
José Ignacio,Peleteiro Romallo,0,0,0,0,0,0.0,0.0,0.0,0,0,0.0,0,0,0,0.0,59
Ørjan,Nyland,0,0,0,0,0,0.0,0.0,0.0,0,0,0.0,0,0,0,3.4,40
Bjorn,Engels,0,0,0,0,0,0.0,0.0,0.0,0,0,0.0,0,0,0,0.1,44
Jack,Grealish,6,12,129,1977,24,953.2,668.6,871.0,13,495,249.1,12,0,6,14.6,75
John,McGinn,2,7,101,2790,37,504.0,484.8,313.0,2,427,130.2,13,0,7,1.1,55
Kortney,Hause,1,0,28,360,1,1.5,91.0,49.0,3,89,14.2,3,0,1,0.1,44
Mahmoud Ahmed,Ibrahim Hassan,2,1,56,1157,14,180.1,213.6,478.0,3,152,86.7,6,0,0,0.4,52
Tyrone,Mings,2,2,115,2744,36,96.2,684.2,285.0,8,546,107.0,13,1,4,8.7,54
Matt,Targett,0,3,120,2864,35,470.7,562.6,104.0,8,609,113.9,15,0,7,13.4,50
James,Bree,0,0,0,0,0,0.0,0.0,0.0,0,0,0.0,0,0,0,0.0,45
Marvelous,Nakamba,0,0,20,569,4,30.8,74.6,10.0,0,81,11.6,4,0,2,0.4,43
Anwar,El Ghazi,7,0,82,1092,14,325.3,385.4,602.0,11,254,131.2,4,0,1,0.8,52
Ezri,Konsa Ngoyo,2,0,104,2655,37,31.6,576.8,242.0,7,491,85.3,11,0,3,6.6,47
Frédéric,Guilbert,0,0,0,0,0,0.0,0.0,0.0,0,0,0.0,0,0,0,0.1,43
Wesley,Moraes,0,0,1,1,0,0.3,3.0,17.0,0,3,2.0,0,0,0,0.0,60
Mbwana,Samatta,0,0,0,0,0,0.0,0.0,0.0,0,0,0.0,0,0,0,0.0,59
Keinan,Davis,1,1,18,156,0,44.5,69.6,153.0,0,71,26.5,0,0,0,7.8,42
Indiana,Vassilev,0,0,0,0,0,0.0,0.0,0.0,0,0,0.0,0,0,0,0.5,43
Douglas Luiz,Soares de Paulo,0,2,63,2430,35,268.2,361.4,180.0,0,310,81.3,11,1,7,0.2,48
Ross,Barkley,3,2,69,1336,21,511.2,254.4,418.0,4,249,118.5,7,0,0,0.8,58
Matthew,Cash,0,2,85,2148,31,330.9,477.8,90.0,8,440,90.2,11,1,6,0.8,50
Ollie,Watkins,12,8,145,2880,37,533.4,694.4,1454.0,13,456,267.7,14,0,2,26.6,66
Bertrand,Traoré,5,4,101,1842,24,410.6,380.2,630.0,4,309,142.1,10,0,0,0.6,58
Jacob,Ramsey,0,0,22,464,6,76.9,49.6,54.0,0,62,17.9,2,0,0,0.1,45
Morgan,Sanson,0,0,10,288,4,28.8,25.8,10.0,0,29,6.2,1,0,3,0.0,55
Kaine,Hayden,0,0,0,0,0,0.0,0.0,0.0,0,0,0.0,0,0,0,0.0,45
Carney,Chukwuemeka,0,0,0,0,0,0.0,0.0,0.0,0,0,0.0,0,0,0,0.0,45
Jaden,Philogene-Bidace,0,0,0,0,0,0.0,0.0,0.0,0,0,0.0,0,0,0,0.0,44
Glenn,Murray,0,0,0,0,0,0.0,0.0,0.0,0,0,0.0,0,0,0,0.1,48
Adam,Lallana,1,1,55,1475,15,348.3,241.8,292.0,2,245,87.8,5,0,0,0.4,62
Pascal,Groß,2,6,93,2029,21,916.8,500.6,338.0,9,420,175.4,9,0,2,0.4,58
Shane,Duffy,0,0,0,0,0,0.0,0.0,0.0,0,0,0.0,0,0,0,0.0,43
Davy,Pröpper,0,0,9,209,2,5.1,24.0,52.0,0,38,8.2,0,0,0,0.0,47
Aaron,Mooy,0,0,0,0,0,0.0,0.0,0.0,0,0,0.0,0,0,0,0.0,50
Dan,Burn,0,0,46,1607,21,147.2,234.4,149.0,0,233,52.7,5,0,5,0.7,42
Lewis,Dunk,4,0,118,2700,36,123.7,639.6,408.0,15,563,117.3,10,1,5,9.8,49
Martín,Montoya,0,0,0,0,0,0.0,0.0,0.0,0,0,0.0,0,0,0,0.0,45
Florin,Andone,0,0,0,0,0,0.0,0.0,0.0,0,0,0.0,0,0,0,0.1,48
Solomon,March,2,2,69,1670,25,414.3,368.6,322.0,6,283,110.5,7,0,0,0.4,49
Adam,Webster,0,0,69,2144,28,92.3,376.2,211.0,0,373,67.9,8,0,3,0.9,43
Joël,Veltman,1,1,90,2190,27,364.2,482.8,145.0,10,416,99.4,8,0,3,2.6,44
Neal,Maupay,8,2,104,2328,32,426.4,440.4,1087.0,12,336,195.0,9,0,1,3.1,60
Leandro,Trossard,4,6,115,2278,29,638.1,477.2,651.0,13,351,176.6,10,0,2,3.0,57
Alireza,Jahanbakhsh,0,1,18,288,7,126.6,56.6,168.0,0,84,35.0,0,0,2,0.0,54
José,Izquierdo,0,0,1,8,0,1.3,3.2,7.0,0,2,1.2,0,0,0,0.0,55
Matthew,Clarke,0,0,0,0,0,0.0,0.0,0.0,0,0,0.0,0,0,0,0.0,44
Ben,White,0,0,93,2742,37,142.6,402.6,107.0,5,496,65.5,11,1,3,1.9,45
Bernardo,Fernandes da Silva Junior,0,0,5,205,3,32.4,27.2,69.0,0,30,12.8,0,0,0,4.2,39
Yves,Bissouma,1,0,68,2662,35,263.5,437.4,183.0,2,419,88.1,10,1,6,1.6,44
Tariq,Lamptey,1,3,35,887,15,162.9,147.8,156.0,2,156,46.7,2,1,2,2.2,46
Aaron,Connolly,2,1,37,738,15,63.3,103.0,297.0,2,92,46.0,1,0,0,0.3,52
Steven,Alzate,1,0,29,738,15,136.9,117.6,72.0,3,112,32.8,4,0,2,0.6,42
Alexis,Mac Allister,1,1,42,920,8,169.5,145.6,199.0,3,127,51.3,5,0,1,0.0,53
Christian,Walton,0,0,0,0,0,0.0,0.0,0.0,0,0,0.0,0,0,0,1.1,40
Jason,Steele,0,0,0,0,0,0.0,0.0,0.0,0,0,0.0,0,0,0,0.8,39
Jayson,Molumby,0,0,1,1,0,0.0,0.0,0.0,0,3,0.0,0,0,0,0.0,45
Andi,Zeqiri,0,0,6,120,0,7.0,9.8,82.0,0,14,9.9,0,0,0,0.1,50
Danny,Welbeck,4,3,65,1257,15,207.2,235.6,526.0,9,206,96.2,5,0,0,0.9,55
Robert,Sánchez,0,0,90,1980,20,0.0,446.6,2.0,8,426,45.0,9,0,0,3.8,46
Percy,Tau,0,0,3,84,1,11.5,7.6,6.0,0,14,2.5,0,0,0,0.0,49
Jakub,Moder,0,0,13,340,3,49.3,33.0,119.0,0,28,20.1,2,0,0,0.0,50
Reda,Khadra,0,0,1,4,0,0.0,0.0,2.0,0,3,0.2,0,0,0,0.0,45
Teddy,Jenks,0,0,0,0,0,0.0,0.0,0.0,0,0,0.0,0,0,0,0.0,45
Max,Sanders,0,0,0,0,0,0.0,0.0,0.0,0,0,0.0,0,0,0,0.0,45
Jensen,Weir,0,0,0,0,0,0.0,0.0,0.0,0,0,0.0,0,0,0,0.0,45
Thomas,McGill,0,0,0,0,0,0.0,0.0,0.0,0,0,0.0,0,0,0,0.3,39
Michal,Karbownik,0,0,0,0,0,0.0,0.0,0.0,0,0,0.0,0,0,0,0.0,45
Moisés,Caicedo,0,0,0,0,0,0.0,0.0,0.0,0,0,0.0,0,0,0,0.0,50
Dale,Stephens,0,0,8,257,4,8.3,31.0,41.0,0,33,8.0,0,0,1,3.2,42
James,Tarkowski,1,0,96,2790,40,134.4,663.0,317.0,6,457,112.0,10,0,6,2.5,53
Phil,Bardsley,0,0,2,273,8,12.9,39.4,6.0,0,28,5.9,0,0,2,0.2,44
Erik,Pieters,0,3,50,1260,19,77.0,199.4,63.0,5,203,34.0,3,0,1,0.4,43
Jack,Cork,0,0,22,915,15,76.9,92.4,72.0,0,92,24.2,3,0,2,0.0,50
Kevin,Long,0,0,14,636,13,12.0,102.6,25.0,1,85,14.0,1,0,2,0.1,43
Jay,Rodriguez,1,3,50,1151,23,95.7,143.2,311.0,2,125,54.3,4,0,3,0.4,57
Ashley,Barnes,3,0,48,1290,17,230.7,153.6,502.0,7,100,88.1,6,0,4,0.2,60
Ben,Mee,2,0,95,2333,32,39.8,597.4,246.0,7,436,88.7,9,0,2,2.7,48
Ashley,Westwood,2,4,95,2960,45,714.1,480.4,116.0,3,503,131.3,10,0,6,0.4,53
Johann Berg,Gudmundsson,2,0,45,1145,18,121.6,162.6,132.0,3,156,41.8,3,0,1,0.0,54
Chris,Wood,10,3,120,2327,35,266.4,516.6,934.0,16,340,170.9,8,0,0,2.4,63
Matthew,Lowton,1,1,93,2610,37,306.7,460.2,108.0,6,463,87.6,9,0,5,2.3,44
Matej,Vydra,3,1,51,1110,19,167.2,166.0,401.0,2,159,72.4,2,0,0,1.7,48
Ben,Gibson,0,0,0,0,0,0.0,0.0,0.0,0,0,0.0,0,0,0,0.1,39
Robbie,Brady,1,1,44,1047,6,133.9,174.2,168.0,3,157,47.2,7,0,3,0.1,50
Nick,Pope,0,0,136,2700,35,20.0,801.6,0.0,20,609,82.1,10,0,1,10.9,55
Charlie,Taylor,0,2,71,1975,32,221.2,395.0,46.0,3,373,66.2,7,0,1,1.3,44
Josh,Brownhill,0,0,61,2407,32,237.0,288.4,304.0,0,292,83.0,9,0,2,0.0,49
Bailey,Peacock-Farrell,0,0,3,270,10,0.0,67.8,0.0,0,38,6.7,0,0,0,1.1,40
Dwight,McNeil,2,5,102,2676,42,686.6,531.4,222.0,8,447,144.3,10,0,1,0.4,57
Jimmy,Dunne,1,0,8,180,5,21.2,66.2,38.0,0,35,12.6,0,0,0,4.2,38
Bobby,Thomas,0,0,0,0,0,0.0,0.0,0.0,0,0,0.0,0,0,0,0.4,39
Josh,Benson,0,0,10,260,7,7.9,16.0,13.0,0,27,3.7,1,0,0,0.0,44
Anthony,Driscoll-Glennon,0,0,0,0,0,0.0,0.0,0.0,0,0,0.0,0,0,0,0.1,39
Mace,Goodridge,0,0,0,0,0,0.0,0.0,0.0,0,0,0.0,0,0,0,0.0,45
Will,Norris,0,0,0,0,0,0.0,0.0,0.0,0,0,0.0,0,0,0,0.1,40
Max,Thompson,0,0,0,0,0,0.0,0.0,0.0,0,0,0.0,0,0,0,0.1,45
Lewis,Richardson,0,0,2,3,0,0.0,0.0,0.0,0,5,0.0,0,0,0,0.1,45
Anthony,Mancini,0,0,0,0,0,0.0,0.0,0.0,0,0,0.0,0,0,0,0.0,44
Joel,Mumbongo,0,0,3,37,1,1.8,0.0,0.0,0,5,0.1,0,0,1,0.0,45
Richard,Nartey,0,0,0,0,0,0.0,0.0,0.0,0,0,0.0,0,0,0,0.0,40
Willy,Caballero,0,0,1,90,3,0.0,4.2,0.0,0,7,0.4,0,0,0,0.2,46
César,Azpilicueta,1,1,105,1845,15,322.9,417.0,137.0,10,454,87.7,13,0,4,8.0,59
Olivier,Giroud,4,0,45,714,5,110.9,161.4,381.0,6,139,65.2,4,0,1,1.2,67
Marcos,Alonso,1,1,48,859,12,170.8,173.8,278.0,5,192,62.2,5,0,2,2.7,57
Jorge Luiz,Frello Filho,6,2,101,1745,13,294.7,516.6,156.0,12,422,96.9,14,0,1,4.7,47
Mateo,Kovacic,0,1,52,1686,23,365.3,316.0,144.0,0,320,82.5,9,0,3,0.3,53
Antonio,Rüdiger,0,0,81,1440,6,77.5,297.8,165.0,8,377,54.1,11,0,0,6.5,47
Kurt,Zouma,5,0,99,1800,24,52.3,535.8,289.0,6,431,87.8,8,0,2,8.3,53
Emerson,Palmieri dos Santos,0,0,7,88,0,7.7,17.4,2.0,0,24,2.7,1,0,0,0.1,47
Kepa,Arrizabalaga,0,0,24,450,6,0.0,96.2,0.0,5,99,9.6,2,0,0,0.6,47
N'Golo,Kanté,0,2,58,2018,23,331.9,434.4,75.0,0,359,84.5,10,0,7,2.3,49
Hakim,Ziyech,1,3,56,982,6,413.2,204.8,291.0,6,191,90.7,9,0,3,2.1,79
Andreas,Christensen,0,0,52,1236,16,79.1,276.0,32.0,7,294,38.8,7,1,2,1.1,47
Timo,Werner,6,9,112,2238,25,429.5,459.8,1099.0,7,352,199.0,12,0,1,10.7,92
Tammy,Abraham,6,2,68,1017,12,121.6,270.2,483.0,8,221,85.9,5,0,0,2.0,71
Christian,Pulisic,4,2,71,1371,16,308.6,314.8,574.0,3,226,119.4,7,0,2,3.2,83
Mason,Mount,6,6,135,2542,28,1195.4,704.6,795.0,16,548,269.6,13,0,2,19.9,73
Fikayo,Tomori,0,0,0,45,2,0.1,26.6,0.0,0,8,2.7,0,0,0,0.2,47
Callum,Hudson-Odoi,2,3,57,991,5,434.2,276.6,325.0,2,235,103.6,6,0,0,0.4,57
Reece,James,1,3,99,1917,24,590.5,438.2,365.0,15,478,139.8,8,0,3,6.9,50
Billy,Gilmour,0,0,2,34,0,3.0,12.4,0.0,0,10,1.5,0,0,0,0.1,43
Benjamin,Chilwell,2,5,118,1936,19,458.9,464.2,303.0,10,478,122.1,11,0,3,13.4,58
Thiago,Thiago,2,0,80,1575,21,67.2,458.2,144.0,9,401,67.0,9,1,3,2.5,56
Kai,Havertz,2,6,72,1334,14,278.0,250.2,402.0,0,231,93.0,7,0,2,3.2,82
Edouard,Mendy,0,0,120,2430,22,0.0,390.6,0.0,5,536,39.1,15,0,1,10.3,52
Karlo,Ziger,0,0,0,0,0,0.0,0.0,0.0,0,0,0.0,0,0,0,0.6,40
Faustino,Anjorin,0,0,0,0,0,0.0,0.0,0.0,0,0,0.0,0,0,0,0.0,45
Michy,Batshuayi,2,2,40,699,14,113.2,131.6,206.0,2,109,44.9,2,0,0,0.6,57
Gary,Cahill,1,0,39,1440,32,38.4,316.2,81.0,4,248,43.8,3,0,3,0.2,45
Wayne,Hennessey,0,0,0,0,0,0.0,0.0,0.0,0,0,0.0,0,0,0,0.3,43
Mamadou,Sakho,0,0,4,275,8,1.6,36.6,6.0,0,33,4.5,0,0,0,0.1,44
Vicente,Guaita,0,0,112,2880,54,0.0,750.4,0.0,15,569,75.2,7,0,2,2.9,48
James,Tomkins,0,0,15,387,8,0.8,65.2,10.0,2,75,7.6,2,0,1,0.0,44
James,McArthur,0,2,45,1465,26,202.2,285.2,65.0,3,228,55.2,4,0,3,0.1,52
James,McCarthy,0,0,20,576,10,49.0,88.0,8.0,0,92,14.5,2,0,1,0.7,43
Christian,Benteke,6,2,76,1406,26,186.9,332.0,678.0,9,220,119.6,4,1,0,0.8,55
Cheikhou,Kouyaté,1,0,72,2583,44,78.9,482.8,122.0,2,380,68.4,7,0,1,0.3,48
Joel,Ward,0,1,57,1715,31,99.7,289.6,17.0,6,286,40.6,6,0,3,0.7,43
Martin,Kelly,0,0,0,0,0,0.0,0.0,0.0,0,0,0.0,0,0,0,0.2,41
Connor,Wickham,0,0,0,0,0,0.0,0.0,0.0,0,0,0.0,0,0,0,0.6,44
Andros,Townsend,1,4,78,1825,28,512.9,410.2,216.0,6,293,114.3,6,0,0,1.1,55
Luka,Milivojevic,1,1,59,2113,43,257.0,372.6,107.0,3,309,73.7,6,1,7,0.3,56
Patrick,van Aanholt,0,2,53,1773,36,195.2,296.6,198.0,5,308,68.9,4,0,2,0.4,54
Jordan,Ayew,1,4,65,1891,36,218.2,255.4,363.0,2,204,83.5,6,0,2,1.4,56
Wilfried,Zaha,10,4,120,2072,40,328.3,491.0,778.0,11,302,159.7,5,0,4,8.5,71
Jeffrey,Schlupp,2,3,56,1078,19,195.9,273.4,238.0,3,166,70.6,4,0,2,0.1,53
Max,Meyer,0,0,0,0,0,0.0,0.0,0.0,0,0,0.0,0,0,0,0.0,47
Jairo,Riedewald,2,0,58,1544,30,133.3,248.0,71.0,4,227,45.4,4,0,3,0.7,44
Nathan,Ferguson,0,0,0,0,0,0.0,0.0,0.0,0,0,0.0,0,0,0,0.5,38
Tyrick,Mitchell,0,1,35,1170,20,51.0,221.0,21.0,2,178,29.4,3,0,1,11.3,38
Brandon,Pierrick,0,0,0,0,0,0.0,0.0,0.0,0,0,0.0,0,0,0,0.1,43
Scott,Dann,1,0,34,1170,19,15.6,248.8,95.0,1,202,36.1,2,0,1,0.5,42
Eberechi,Eze,3,5,97,2195,44,521.1,410.0,270.0,12,369,120.2,5,0,3,0.7,58
Sam,Woods,0,0,0,0,0,0.0,0.0,0.0,0,0,0.0,0,0,0,0.4,40
Ryan,Inniss,0,0,0,0,0,0.0,0.0,0.0,0,0,0.0,0,0,0,0.0,40
Nathaniel,Clyne,0,1,28,1145,22,84.3,150.8,34.0,0,172,27.2,2,0,2,0.1,45
Stephen,Henderson,0,0,0,0,0,0.0,0.0,0.0,0,0,0.0,0,0,0,0.4,40
Jack,Butland,0,0,0,0,0,0.0,0.0,0.0,0,0,0.0,0,0,0,0.1,45
Jean-Philippe,Mateta,1,0,13,181,4,15.6,46.6,80.0,2,41,14.0,0,0,0,0.0,54
Reece,Hannam,0,0,0,0,0,0.0,0.0,0.0,0,0,0.0,0,0,0,0.0,40
Jesurun,Rak-Sakyi,0,0,0,0,0,0.0,0.0,0.0,0,0,0.0,0,0,0,0.0,45
Fabian,Delph,0,0,6,235,5,18.8,26.2,1.0,0,38,4.6,0,0,1,0.0,48
Gylfi,Sigurdsson,6,4,109,1825,24,491.5,471.6,387.0,13,403,135.2,7,0,1,2.4,69
Jonas,Lössl,0,0,0,0,0,0.0,0.0,0.0,0,0,0.0,0,0,0,0.1,43
Seamus,Coleman,0,3,60,1182,16,221.0,259.4,98.0,4,278,57.8,5,0,0,1.7,48
Cenk,Tosun,0,0,4,44,3,11.6,2.2,4.0,0,12,1.8,0,0,1,0.0,60
Bernard,Anício Caldeira Duarte,1,0,18,390,4,118.6,96.4,76.0,1,65,29.0,2,0,2,0.1,57
Lucas,Digne,0,8,89,2141,34,529.3,467.4,117.0,11,446,111.6,6,1,2,8.7,61
Michael,Keane,3,1,106,2539,37,66.1,703.0,212.0,12,550,98.1,8,0,4,5.8,51
Jordan,Pickford,0,0,89,2202,31,10.0,562.4,0.0,8,444,57.3,7,0,1,4.6,48
André Filipe,Tavares Gomes,0,1,43,1451,21,218.6,176.8,92.0,0,201,48.2,5,0,3,0.2,53
Alex,Iwobi,1,3,61,1407,18,245.2,251.0,220.0,1,236,71.7,5,0,0,0.2,59
Jonjoe,Kenny,0,0,5,78,1,8.1,11.0,8.0,0,19,2.8,0,0,0,0.1,43
Jean-Philippe,Gbamin,0,0,1,11,1,0.9,3.8,0.0,0,1,0.5,0,0,0,0.0,50
Yerry,Mina,2,0,65,1785,22,22.3,455.8,188.0,5,346,66.9,4,0,2,1.7,55
Tom,Davies,0,1,41,1229,18,105.1,183.0,30.0,1,192,31.8,4,0,3,0.1,52
Dominic,Calvert-Lewin,14,6,140,2331,31,235.1,631.2,1134.0,16,448,199.7,8,0,3,27.1,75
Mason,Holgate,1,0,71,1942,24,113.8,390.0,63.0,4,372,56.9,8,0,8,0.9,48
Richarlison,de Andrade,6,6,105,2342,30,267.6,477.8,905.0,15,346,165.0,8,1,3,8.2,78
João,Virgínia,0,0,2,47,0,0.0,25.0,0.0,0,10,2.5,0,0,0,0.1,43
Anthony,Gordon,0,0,3,87,0,12.7,14.4,4.0,0,11,3.1,0,0,0,0.4,43
Moise,Kean,0,0,2,13,0,1.3,0.0,11.0,0,1,0.9,0,0,0,0.2,57
Jarrad,Branthwaite,0,0,0,0,0,0.0,0.0,0.0,0,0,0.0,0,0,0,1.1,39
Allan,Marques Loureiro,0,0,33,1510,22,132.6,261.8,27.0,0,208,42.3,4,0,5,0.6,52
James,Rodríguez,6,5,100,1686,26,554.2,488.6,381.0,11,422,142.7,5,0,3,8.8,77
Abdoulaye,Doucouré,2,3,71,2131,32,284.8,400.6,256.0,2,375,94.2,7,0,6,0.6,51
Niels,Nkounkou,0,0,1,68,1,5.3,13.8,1.0,0,6,2.0,0,0,1,0.2,40
Ben,Godfrey,0,1,73,2143,27,58.1,479.0,99.0,4,415,63.8,8,0,4,0.4,50
Robin,Olsen,0,0,25,630,9,0.0,166.4,0.0,3,119,16.7,2,0,1,0.1,45
Ellis,Simms,0,0,0,0,0,0.0,0.0,0.0,0,0,0.0,0,0,0,0.1,45
Tyler,Onyango,0,0,0,0,0,0.0,0.0,0.0,0,0,0.0,0,0,0,0.0,45
Joshua,King,0,0,9,124,2,5.0,12.8,23.0,0,18,4.1,0,0,0,0.1,51
Kyle,John,0,0,0,0,0,0.0,0.0,0.0,0,0,0.0,0,0,0,0.0,40
Nathan,Broadhead,0,0,1,2,0,0.0,2.0,0.0,0,5,0.2,0,0,0,0.0,45
Ryan,Astley,0,0,0,0,0,0.0,0.0,0.0,0,0,0.0,0,0,0,0.0,40
Harry,Tyrer,0,0,0,0,0,0.0,0.0,0.0,0,0,0.0,0,0,0,0.0,40
Reece,Welch,0,0,0,0,0,0.0,0.0,0.0,0,0,0.0,0,0,0,0.0,40
Isaac,Price,0,0,0,0,0,0.0,0.0,0.0,0,0,0.0,0,0,0,0.0,45
Ruben,Loftus-Cheek,1,0,63,1874,21,259.6,192.4,425.0,0,169,87.6,11,0,3,0.2,59
Fabricio,Agosto Ramírez,0,0,0,0,0,0.0,0.0,0.0,0,0,0.0,0,0,0,2.2,39
Kevin,McDonald,0,0,0,0,0,0.0,0.0,0.0,0,0,0.0,0,0,0,0.0,47
Maxime,Le Marchand,0,0,1,122,1,1.6,12.6,1.0,0,12,1.6,0,0,2,0.1,41
Stefan,Johansen,0,0,0,0,0,0.0,0.0,0.0,0,0,0.0,0,0,0,0.0,47
Tom,Cairney,1,1,27,758,15,278.3,170.6,124.0,2,160,57.3,1,0,2,0.1,52
Tim,Ream,0,0,7,450,10,4.7,82.6,0.0,0,78,8.8,0,0,0,0.1,42
Anthony,Knockaert,0,0,0,0,0,0.0,0.0,0.0,0,0,0.0,0,0,0,0.0,50
Michael,Hector,0,0,0,262,10,11.3,40.8,18.0,0,32,6.9,0,0,2,0.1,41
Cyrus,Christie,0,0,0,0,0,0.0,0.0,0.0,0,0,0.0,0,0,0,0.0,42
Neeskens,Kebano,0,0,6,116,3,14.6,1.4,47.0,0,13,5.9,0,0,0,0.0,47
Bobby,Decordova-Reid,5,1,72,1942,22,196.4,326.6,423.0,6,287,94.5,9,0,7,0.6,53
Joe,Bryan,0,1,14,470,14,56.2,73.2,47.0,0,89,17.6,0,0,2,0.3,45
Marcus,Bettinelli,0,0,0,0,0,0.0,0.0,0.0,0,0,0.0,0,0,0,0.0,43
Aleksandar,Mitrović,3,3,60,1290,22,305.3,243.4,656.0,7,171,118.7,1,0,3,3.4,55
Alfie,Mawson,0,0,0,0,0,0.0,0.0,0.0,0,0,0.0,0,0,0,0.0,43
Marek,Rodák,0,0,1,90,3,0.0,18.2,0.0,0,11,1.8,0,0,0,0.2,43
Ivan Ricardo,Neves Abreu Cavaleiro,3,0,75,2028,33,458.6,288.0,482.0,4,214,122.9,7,0,2,0.1,53
Josh,Onomah,0,0,7,168,8,8.3,17.8,31.0,0,13,5.5,0,0,1,0.0,46
Jean Michaël,Seri,0,0,0,0,0,0.0,0.0,0.0,0,0,0.0,0,0,0,0.0,46
Aboubakar,Kamara,0,0,8,307,9,76.8,22.6,39.0,0,14,13.2,0,1,1,0.0,48
André-Frank,Zambo Anguissa,0,3,68,2204,32,347.3,447.4,241.0,4,338,103.7,6,0,5,1.3,45
Zeze Steven,Sessegnon,0,0,0,0,0,0.0,0.0,0.0,0,0,0.0,0,0,0,0.0,43
Harrison,Reed,0,3,66,2122,31,317.1,409.0,82.0,0,371,81.0,9,0,5,0.6,44
Antonee,Robinson,0,0,55,1979,24,415.0,409.0,164.0,1,362,99.1,5,1,4,0.2,44
Mario,Lemina,1,1,51,1439,22,164.4,240.0,116.0,3,238,52.2,3,0,3,0.3,45
Alphonse,Areola,0,0,115,2880,40,0.0,770.8,0.0,8,573,76.9,9,0,1,4.8,46
Kenny,Tete,0,1,48,1243,20,290.4,288.6,81.0,3,247,66.1,5,0,2,0.2,43
Denis,Odoi,0,0,1,270,10,20.8,35.4,8.0,0,34,6.4,0,0,1,0.1,42
Ademola,Lookman,4,4,99,2388,26,779.3,482.2,806.0,8,337,206.8,10,0,4,1.5,48
Ola,Aina,2,1,101,2513,32,236.0,464.6,136.0,8,461,83.7,8,0,2,2.2,44
Joachim,Andersen,1,1,90,2401,29,105.9,510.2,127.0,7,455,74.5,9,1,5,0.4,45
Tosin,Adarabioyo,0,1,94,2520,31,56.5,570.4,197.0,11,497,82.8,9,0,1,0.6,45
Terence,Kongolo,0,0,2,90,1,4.7,16.8,2.0,0,15,2.4,0,0,0,0.0,43
Josh,Maja,3,0,35,648,5,74.9,126.0,284.0,5,109,48.3,5,0,0,0.6,52
Wes,Morgan,0,0,3,16,0,0.1,3.0,0.0,0,9,0.3,0,0,0,0.1,44
Kasper,Schmeichel,0,0,124,2970,38,0.0,697.0,0.0,6,581,69.6,11,0,0,10.2,54
Christian,Fuchs,0,0,24,701,9,33.9,137.0,22.0,2,112,19.2,3,0,4,0.2,45
Jonny,Evans,1,2,99,2383,30,125.0,479.4,98.0,10,510,70.5,10,0,7,2.0,56
Adrien,Silva,0,0,0,0,0,0.0,0.0,0.0,0,0,0.0,0,0,0,0.2,44
Marc,Albrighton,0,6,58,1389,13,394.8,294.6,249.0,0,244,93.8,4,0,2,0.1,52
Matty,James,0,0,0,0,0,0.0,0.0,0.0,0,0,0.0,0,0,0,0.2,43
Danny,Ward,0,0,0,0,0,0.0,0.0,0.0,0,0,0.0,0,0,0,0.2,43
Jamie,Vardy,13,13,163,2399,32,297.0,710.4,1099.0,20,571,210.7,8,0,1,23.7,103
Dennis,Praet,1,2,37,714,11,132.1,119.2,120.0,1,129,36.9,3,0,0,0.1,52
Ricardo Domingos,Barbosa Pereira,0,1,26,835,13,129.5,168.6,142.0,0,128,43.9,2,0,2,0.9,59
Daniel,Amartey,1,0,20,718,12,10.9,155.0,61.0,2,124,22.7,0,0,2,1.4,39
Youri,Tielemans,6,3,120,2906,38,581.0,719.8,398.0,11,546,169.9,11,0,6,3.8,64
Ayoze,Pérez,2,0,49,1086,13,258.4,212.4,348.0,2,136,82.1,5,0,1,0.6,60
Demarai,Gray,0,0,1,18,0,1.3,0.2,3.0,0,3,0.5,0,0,0,0.1,51
James,Maddison,8,7,125,1782,21,704.5,553.4,563.0,12,428,181.9,10,0,4,7.5,73
Kelechi,Iheanacho,10,1,88,1062,12,282.0,417.4,614.0,15,344,131.0,5,0,0,22.5,62
Hamza,Choudhury,0,0,13,301,2,13.3,33.0,29.0,0,56,7.5,2,0,1,0.1,46
Harvey,Barnes,9,5,126,1944,25,359.0,556.4,810.0,13,348,172.7,7,0,0,2.9,66
Wilfred,Ndidi,1,3,65,1753,21,178.5,453.8,53.0,9,347,68.5,7,0,5,0.7,48
Filip,Benkovic,0,0,0,0,0,0.0,0.0,0.0,0,0,0.0,0,0,0,0.0,43
Çaglar,Söyüncü,0,0,45,1366,18,72.6,285.6,93.0,0,276,45.2,5,0,2,2.9,53
James,Justin,2,2,101,2070,25,290.7,472.2,195.0,13,447,96.0,9,0,4,6.5,48
Luke,Thomas,0,0,14,609,9,64.2,85.0,27.0,0,74,17.5,1,0,2,0.2,41
Timothy,Castagne,2,4,89,1895,25,297.5,417.6,168.0,7,417,88.3,6,0,1,6.2,58
Nampalys,Mendy,0,1,38,1370,21,106.1,137.6,16.0,0,215,26.1,4,0,5,1.5,42
Cengiz,Ünder,0,2,16,275,5,87.5,73.4,88.0,0,62,24.9,0,0,0,0.0,57
Wesley,Fofana,0,1,67,1925,23,88.5,418.4,85.0,5,402,59.4,7,0,6,1.1,50
Islam,Slimani,0,0,1,19,1,11.7,0.2,6.0,0,3,1.8,0,0,0,0.1,49
Vontae,Daley-Campbell,0,0,0,0,0,0.0,0.0,0.0,0,0,0.0,0,0,0,0.0,40
Thakgalo,Leshabela,0,0,1,9,0,1.4,0.6,0.0,0,2,0.2,0,0,0,0.0,44
Sidnei,Tavares,0,0,3,84,1,1.2,9.6,9.0,0,10,2.0,0,0,0,0.0,44
Shane,Flynn,0,0,0,0,0,0.0,0.0,0.0,0,0,0.0,0,0,0,0.0,45
Thanawat,Suengchitthawon,0,0,0,0,0,0.0,0.0,0.0,0,0,0.0,0,0,0,0.0,45
Pablo,Hernández Domínguez,0,2,21,334,5,83.7,71.0,92.0,0,79,24.6,0,0,1,0.2,57
Francisco,Casilla Cortés,0,0,2,90,1,0.0,8.0,0.0,0,12,0.8,0,0,0,0.8,42
Liam,Cooper,1,0,52,2006,40,15.4,578.6,257.0,2,419,85.1,5,1,3,0.3,43
Barry,Douglas,0,0,0,0,0,0.0,0.0,0.0,0,0,0.0,0,0,0,2.9,38
Luke,Ayling,0,0,83,2949,50,412.8,743.4,288.0,1,572,144.5,10,0,6,2.5,44
Mateusz,Klich,3,5,87,2132,41,610.0,399.4,283.0,3,350,129.1,7,0,6,2.4,52
Adam,Forshaw,0,0,0,0,0,0.0,0.0,0.0,0,0,0.0,0,0,0,0.0,48
Stuart,Dallas,7,3,148,2960,49,364.1,679.8,428.0,14,627,147.5,10,0,6,26.5,52
Ezgjan,Alioski,2,1,86,2051,32,351.2,386.0,257.0,6,370,99.7,8,0,7,1.9,43
Patrick,Bamford,14,10,165,2724,47,327.2,729.2,1309.0,19,525,236.0,9,0,3,43.6,65
Jack,Harrison,7,7,132,2396,41,683.5,630.4,580.0,13,446,189.8,9,0,2,3.1,54
Kalvin,Phillips,0,2,58,2202,33,496.0,476.8,74.0,2,362,104.8,8,0,7,0.9,49
Hélder Wander,Sousa de Azevedo e Costa,3,4,63,1150,23,134.3,224.2,289.0,2,162,64.7,3,0,0,2.2,50
Tyler,Roberts,0,2,38,1137,15,183.2,131.0,228.0,0,125,54.3,4,0,3,0.1,46
Jay-Roy,Grot,0,0,0,0,0,0.0,0.0,0.0,0,0,0.0,0,0,0,0.0,47
Kamil,Miazek,0,0,0,0,0,0.0,0.0,0.0,0,0,0.0,0,0,0,0.8,40
Ian Carlo,Poveda-Ocampo,0,0,12,290,4,59.1,48.6,89.0,0,37,19.7,0,0,0,0.3,42
Jamie,Shackleton,0,0,17,454,11,45.7,52.0,18.0,0,72,11.4,1,0,0,0.0,48
Pascal,Struijk,1,0,61,1736,28,33.5,425.2,171.0,2,341,62.9,6,0,2,5.2,40
Jordan,Stevens,0,0,0,0,0,0.0,0.0,0.0,0,0,0.0,0,0,0,0.4,43
Illan,Meslier,0,0,143,2880,49,10.0,954.2,0.0,20,715,96.5,10,0,0,7.1,47
Leif,Davis,0,0,2,31,0,0.6,2.8,0.0,0,5,0.3,0,0,0,1.1,38
Oliver,Casey,0,0,0,0,0,0.0,0.0,0.0,0,0,0.0,0,0,0,1.0,38
Robin,Koch,0,0,36,950,18,49.3,185.4,89.0,2,192,32.4,4,0,0,0.3,43
Rodrigo,Moreno,3,3,56,1083,20,327.3,230.6,464.0,8,209,102.1,2,0,3,1.8,57
Elia,Caprile,0,0,0,0,0,0.0,0.0,0.0,0,0,0.0,0,0,0,0.2,40
Mateusz,Bogusz,0,0,0,0,0,0.0,0.0,0.0,0,0,0.0,0,0,0,0.0,43
Diego,Llorente,1,0,39,900,10,38.9,246.2,109.0,3,201,39.5,3,0,1,0.2,44
Raphael,Dias Belloli,6,7,115,2066,33,773.3,620.8,813.0,11,426,220.9,7,0,3,7.9,54
Jack,Jenkins,0,0,0,0,0,0.0,0.0,0.0,0,0,0.0,0,0,0,0.0,45
Niall,Huggins,0,0,1,37,0,0.9,2.6,2.0,0,4,0.6,0,0,0,0.1,45
Charlie,Cresswell,0,0,0,0,0,0.0,0.0,0.0,0,0,0.0,0,0,0,0.1,40
Joe,Gelhardt,0,0,0,0,0,0.0,0.0,0.0,0,0,0.0,0,0,0,0.0,45
Gaetano,Berardi,0,0,0,0,0,0.0,0.0,0.0,0,0,0.0,0,0,0,0.0,40
Sam,Greenwood,0,0,0,0,0,0.0,0.0,0.0,0,0,0.0,0,0,0,0.0,45
Crysencio,Summerville,0,0,0,0,0,0.0,0.0,0.0,0,0,0.0,0,0,0,0.0,45
James,Milner,0,2,43,1041,10,240.2,196.2,108.0,2,198,54.6,4,0,2,0.1,53
Konstantinos,Tsimikas,0,0,1,5,0,0.1,0.0,0.0,0,2,0.0,0,0,0,0.0,49
Georginio,Wijnaldum,2,1,85,2606,37,340.0,337.8,275.0,3,431,95.2,7,0,1,1.1,53
Jordan,Henderson,1,2,56,1704,23,262.3,358.0,108.0,2,345,72.9,4,0,0,0.9,54
Adrián,San Miguel del Castillo,0,0,11,270,9,0.0,59.6,0.0,2,60,5.9,1,0,0,0.3,42
Joel,Matip,1,2,42,690,5,42.4,179.0,84.0,5,194,30.6,3,0,2,0.4,54
Xherdan,Shaqiri,0,2,25,517,7,265.4,89.2,84.0,1,117,43.9,2,0,2,0.1,64
Alex,Oxlade-Chamberlain,0,1,13,230,6,32.9,37.6,51.0,0,31,12.1,0,0,0,0.1,63
Roberto,Firmino,6,6,109,2476,36,504.8,550.8,1273.0,10,466,232.8,8,0,2,3.2,90
Virgil,van Dijk,1,0,15,370,11,4.8,82.4,66.0,1,73,15.3,1,0,1,6.2,62
Sadio,Mané,8,9,137,2432,27,652.3,639.2,1345.0,8,387,263.9,9,0,3,5.5,117
Alisson,Ramses Becker,0,0,104,2520,29,0.1,634.2,0.0,8,525,63.4,7,0,1,6.1,59
Fabio Henrique,Tavares,0,2,58,2116,26,76.8,391.0,25.0,2,360,49.6,8,0,6,0.8,54
Mohamed,Salah,20,4,199,2631,38,670.7,916.8,1598.0,18,582,318.1,8,0,0,35.7,126
Andrew,Robertson,1,6,129,2934,39,953.6,640.8,320.0,14,696,191.7,9,0,2,14.2,71
Divock,Origi,0,0,10,180,0,33.2,17.8,60.0,0,23,11.1,1,0,0,0.6,51
Harry,Wilson,0,0,0,0,0,0.0,0.0,0.0,0,0,0.0,0,0,0,0.0,51
Trent,Alexander-Arnold,2,5,127,2579,37,941.9,661.0,417.0,22,614,201.9,7,0,1,21.1,76
Joseph,Gomez,0,0,10,589,14,18.1,106.8,0.0,0,94,12.5,0,0,0,1.0,52
Naby,Keita,0,0,15,517,8,100.5,70.6,119.0,0,78,29.0,2,0,1,0.2,52
Curtis,Jones,1,1,44,1094,13,213.8,202.2,289.0,0,197,70.6,5,0,2,0.7,44
Neco,Williams,0,0,10,246,1,47.8,42.0,34.0,0,48,12.2,1,0,1,4.2,38
Harvey,Elliott,0,0,0,0,0,0.0,0.0,0.0,0,0,0.0,0,0,0,0.1,43
Diogo,Jota,8,0,75,954,13,179.7,333.8,561.0,9,207,107.5,3,0,2,17.1,71
Thiago,Alcántara do Nascimento,0,0,36,1401,15,351.7,256.4,119.0,0,242,72.9,5,0,4,0.9,55
Caoimhin,Kelleher,0,0,10,180,1,0.0,57.8,0.0,0,41,5.8,1,0,0,0.1,45
Nathaniel,Phillips,0,0,37,1005,8,67.1,234.8,77.0,0,201,37.9,4,0,2,2.3,41
Rhys,Williams,0,0,6,216,3,17.2,42.0,4.0,0,34,6.3,0,0,0,0.2,40
Leighton,Clarkson,0,0,0,0,0,0.0,0.0,0.0,0,0,0.0,0,0,0,0.0,45
Jake,Cain,0,0,0,0,0,0.0,0.0,0.0,0,0,0.0,0,0,0,0.0,45
Ozan,Kabak,0,0,26,801,9,17.2,131.0,19.0,1,150,16.7,3,0,3,0.9,50
Ben,Davies,0,0,0,0,0,0.0,0.0,0.0,0,0,0.0,0,0,0,0.0,47
Liam,Hughes,0,0,0,0,0,0.0,0.0,0.0,0,0,0.0,0,0,0,0.0,40
Jakub,Ojrzynski,0,0,0,0,0,0.0,0.0,0.0,0,0,0.0,0,0,0,0.0,40
Fernando,Luiz Rosa,0,0,45,992,8,158.1,167.8,99.0,5,214,42.6,5,0,5,0.7,54
Claudio,Bravo,0,0,0,0,0,0.0,0.0,0.0,0,0,0.0,0,0,0,0.0,45
Sergio,Agüero,1,0,17,370,3,59.3,53.6,154.0,0,57,26.1,3,0,0,1.2,103
Nicolás,Otamendi,0,0,0,0,0,0.0,0.0,0.0,0,0,0.0,0,0,0,0.2,49
Kyle,Walker,1,1,84,1764,17,188.2,303.0,88.0,7,371,57.9,8,0,1,4.9,61
Ilkay,Gündogan,12,3,144,1861,11,597.9,670.6,631.0,21,563,190.2,12,0,1,22.1,58
Kevin,De Bruyne,5,11,128,1905,17,1077.8,687.2,888.0,17,511,265.5,11,0,1,14.5,119
John,Stones,4,0,121,1753,9,78.0,471.4,186.0,11,493,73.4,13,1,0,13.5,51
Benjamin,Mendy,2,0,48,766,9,55.4,130.8,82.0,5,173,26.6,4,0,2,1.6,59
Riyad,Mahrez,9,6,134,1791,19,648.2,567.2,855.0,15,464,206.9,10,0,0,5.7,80
Raheem,Sterling,9,8,138,2174,18,502.4,591.6,1192.0,10,416,228.3,12,0,2,4.6,111
João Pedro Cavaco,Cancelo,1,3,123,2036,13,628.4,485.4,353.0,16,534,146.8,13,0,4,14.9,59
Ederson,Santana de Moraes,0,1,137,2880,23,10.0,473.2,0.0,3,595,48.4,17,0,3,9.4,61
Nathan,Aké,1,0,21,527,8,37.3,110.8,43.0,1,103,19.1,2,0,4,2.4,54
Aymeric,Laporte,0,0,51,1163,8,53.6,192.8,47.0,4,244,29.3,6,0,1,2.2,60
Bernardo Mota,Veiga de Carvalho e Silva,2,7,91,1897,12,437.7,387.8,459.0,9,396,128.7,11,0,4,1.1,74
Gabriel Fernando,de Jesus,8,4,100,1700,12,376.3,423.2,742.0,16,383,154.3,9,0,1,2.7,92
Oleksandr,Zinchenko,0,0,60,1260,10,276.4,239.4,107.0,5,310,62.3,7,0,0,0.5,55
Phil,Foden,7,8,118,1442,12,518.3,493.4,660.0,14,416,167.1,6,0,0,7.6,60
Tommy,Doyle,0,0,0,0,0,0.0,0.0,0.0,0,0,0.0,0,0,0,0.1,44
Rodrigo,Hernandez,2,1,80,2353,19,455.9,532.8,295.0,5,457,128.6,12,0,4,0.4,53
Ferran,Torres,3,4,62,1017,9,178.7,189.4,431.0,0,147,79.8,6,0,1,0.8,69
Eric,Garcia,0,0,4,215,6,22.8,40.2,1.0,0,39,6.3,0,0,0,0.2,47
Adrián,Bernabé,0,0,0,0,0,0.0,0.0,0.0,0,0,0.0,0,0,0,0.0,45
Zack,Steffen,0,0,2,90,1,0.0,9.6,0.0,0,8,1.0,0,0,0,0.1,44
Liam,Delap,0,0,1,39,4,0.3,0.0,4.0,0,0,0.2,0,0,0,0.9,43
Cole,Palmer,0,0,0,0,0,0.0,0.0,0.0,0,0,0.0,0,0,0,0.0,44
Rúben Santos,Gato Alves Dias,1,1,135,2573,16,79.2,587.8,193.0,12,610,86.3,16,0,3,23.2,61
James,Trafford,0,0,0,0,0,0.0,0.0,0.0,0,0,0.0,0,0,0,0.1,40
Scott,Carson,0,0,0,0,0,0.0,0.0,0.0,0,0,0.0,0,0,0,0.1,39
Felix,Nmecha,0,0,0,0,0,0.0,0.0,0.0,0,0,0.0,0,0,0,0.0,45
Luke,Mbete,0,0,0,0,0,0.0,0.0,0.0,0,0,0.0,0,0,0,0.0,40
Taylor,Harwood-Bellis,0,0,0,0,0,0.0,0.0,0.0,0,0,0.0,0,0,0,0.0,40
Claudio,Gomes,0,0,0,0,0,0.0,0.0,0.0,0,0,0.0,0,0,0,0.0,45
Sergio,Romero,0,0,0,0,0,0.0,0.0,0.0,0,0,0.0,0,0,0,0.1,49
Juan,Mata,0,3,20,336,3,122.9,66.4,67.0,0,79,25.6,1,0,0,0.1,58
David,de Gea,0,0,87,2115,29,0.0,415.8,0.0,4,389,41.5,9,0,0,3.4,53
Chris,Smalling,0,0,0,0,0,0.0,0.0,0.0,0,0,0.0,0,0,0,0.1,49
Odion,Ighalo,0,0,1,9,1,0.1,0.0,2.0,0,1,0.2,0,0,0,0.2,61
Marcos,Rojo,0,0,0,0,0,0.0,0.0,0.0,0,0,0.0,0,0,0,0.0,48
Nemanja,Matic,0,1,30,913,14,129.7,176.4,78.0,0,173,38.4,4,0,2,0.2,47
Paul,Pogba,3,5,83,1622,20,305.8,417.6,335.0,11,321,105.5,5,0,3,1.9,76
Phil,Jones,0,0,0,0,0,0.0,0.0,0.0,0,0,0.0,0,0,0,0.0,48
Harry,Maguire,2,2,123,2970,35,123.3,685.8,424.0,8,622,123.3,13,0,10,5.7,55
Frederico,Rodrigues de Paula Santos,1,0,63,2147,20,365.5,433.4,193.0,1,360,99.3,12,0,5,0.2,53
Luke,Shaw,1,5,121,2383,27,1003.7,558.6,203.0,22,604,176.9,10,0,7,16.6,54
Bruno Miguel,Borges Fernandes,16,13,221,2824,30,1319.0,1174.6,1109.0,32,792,360.5,13,0,5,56.2,115
Anthony,Martial,4,7,75,1477,23,265.4,297.6,709.0,3,238,126.8,4,1,0,3.3,86
Andreas,Pereira,0,0,0,0,0,0.0,0.0,0.0,0,0,0.0,0,0,0,0.0,48
Dean,Henderson,0,0,38,855,6,0.0,184.4,0.0,1,170,18.4,4,0,2,1.6,52
Marcus,Rashford,10,10,160,2685,32,598.0,718.4,1049.0,9,491,236.7,12,0,4,9.8,96
Axel,Tuanzebe,0,0,2,132,4,4.0,33.6,0.0,0,18,3.6,0,0,2,0.1,41
Victor,Lindelöf,1,1,98,2315,24,99.9,456.8,54.0,3,481,61.2,10,0,0,1.4,48
Scott,McTominay,4,2,85,1883,20,250.4,481.0,264.0,4,372,99.6,8,0,2,0.8,49
Eric,Bailly,0,0,27,638,11,6.0,135.4,22.0,6,144,16.4,3,0,2,0.3,48
Daniel,James,3,0,38,817,6,109.9,158.0,275.0,1,130,54.1,4,0,3,0.2,62
Timothy,Fosu-Mensah,0,0,0,80,2,30.5,17.8,16.0,0,17,6.4,0,0,1,0.1,43
Aaron,Wan-Bissaka,2,3,134,2790,30,419.5,701.2,155.0,11,658,127.4,13,0,3,17.1,57
José Diogo,Dalot Teixeira,0,0,0,0,0,0.0,0.0,0.0,0,0,0.0,0,0,0,0.0,48
Mason,Greenwood,5,2,85,1575,19,266.9,298.2,695.0,5,267,125.6,7,0,2,6.0,71
Tahith,Chong,0,0,0,0,0,0.0,0.0,0.0,0,0,0.0,0,0,0,0.0,44
James,Garner,0,0,0,0,0,0.0,0.0,0.0,0,0,0.0,0,0,0,0.0,44
Brandon,Williams,0,0,2,7,0,0.3,0.4,0.0,0,6,0.1,0,0,0,0.5,42
Teden,Mengi,0,0,0,0,0,0.0,0.0,0.0,0,0,0.0,0,0,0,0.6,39
Donny,van de Beek,1,1,24,328,9,53.9,96.0,67.0,0,94,21.7,0,0,1,1.3,66
Alex Nicolao,Telles,0,2,22,509,8,167.8,122.0,30.0,3,118,31.9,1,0,0,0.5,53
Edinson,Cavani,8,3,79,1139,12,163.4,352.2,460.0,10,296,96.7,4,0,3,4.3,79
Facundo,Pellistri,0,0,0,0,0,0.0,0.0,0.0,0,0,0.0,0,0,0,0.0,52
Lee,Grant,0,0,0,0,0,0.0,0.0,0.0,0,0,0.0,0,0,0,0.1,40
Amad,Diallo,0,0,0,0,0,0.0,0.0,0.0,0,0,0.0,0,0,0,0.0,54
Shola,Shoretire,0,0,1,1,0,0.8,0.2,0.0,0,3,0.1,0,0,0,0.0,44
Nathan,Bishop,0,0,0,0,0,0.0,0.0,0.0,0,0,0.0,0,0,0,0.0,40
Joseph,Willock,4,0,47,870,14,108.4,252.2,221.0,2,155,58.0,1,0,1,0.2,47
Andy,Carroll,1,1,29,375,8,37.0,62.8,187.0,3,76,27.6,1,0,1,0.3,51
Jonjo,Shelvey,1,2,60,2166,38,464.7,405.2,249.0,2,325,111.9,4,0,6,0.2,53
Matt,Ritchie,0,2,29,904,14,284.2,148.2,72.0,2,133,50.4,1,0,1,0.1,49
Federico,Fernández,0,0,38,1651,30,70.4,421.0,37.0,4,297,52.7,3,0,3,0.5,47
Ciaran,Clark,1,0,45,1807,33,29.6,395.4,103.0,2,276,53.0,3,0,3,0.2,45
Karl,Darlow,0,0,80,2250,43,0.0,682.4,0.0,6,450,68.3,4,0,3,1.3,49
Martin,Dubravka,0,0,30,720,11,0.0,249.4,0.0,4,157,24.9,1,0,0,0.3,48
Florian,Lejeune,0,0,0,0,0,0.0,0.0,0.0,0,0,0.0,0,0,0,0.0,43
Jamaal,Lascelles,2,0,44,1625,32,38.1,345.2,161.0,3,229,54.7,2,0,4,1.0,42
Dwight,Gayle,1,1,27,423,9,77.6,79.6,255.0,3,73,40.6,0,0,0,0.1,59
Christian,Atsu,0,0,0,0,0,0.0,0.0,0.0,0,0,0.0,0,0,0,0.0,52
Paul,Dummett,0,0,18,804,12,51.7,147.8,0.0,0,105,20.0,1,0,2,0.0,44
Javier,Manquillo,0,0,28,822,15,93.5,109.8,18.0,0,136,22.2,3,0,1,0.2,42
Emil,Krafth,0,1,27,944,21,85.7,157.8,67.0,0,153,31.0,3,0,3,0.1,42
Fabian,Schär,0,0,25,1221,21,8.7,216.4,99.0,1,153,32.4,2,0,4,0.1,48
DeAndre,Yedlin,0,0,13,435,6,41.8,58.6,20.0,0,68,12.0,1,0,0,0.2,43
Isaac,Hayden,0,0,40,1942,33,117.7,278.0,155.0,0,211,55.3,4,0,8,0.0,46
Rolando,Aarons,0,0,0,0,0,0.0,0.0,0.0,0,0,0.0,0,0,0,0.0,48
Allan,Saint-Maximin,3,5,73,1157,19,321.6,325.6,345.0,5,236,99.3,5,0,0,2.6,51
Miguel,Almirón,4,2,86,2008,40,400.2,412.8,398.0,8,328,121.2,3,0,2,0.4,56
Joelinton Cássio,Apolinário de Lira,3,2,65,1828,31,234.5,321.0,545.0,5,226,110.3,3,0,3,0.4,57
Yoshinori,Muto,0,0,0,0,0,0.0,0.0,0.0,0,0,0.0,0,0,0,0.1,48
Kelland,Watts,0,0,0,0,0,0.0,0.0,0.0,0,0,0.0,0,0,0,0.1,39
Sean,Longstaff,0,1,33,1187,22,141.4,134.4,140.0,1,140,41.5,1,0,2,0.1,46
Jeff,Hendrick,2,1,50,1406,24,99.0,204.4,95.0,3,170,39.6,3,1,1,1.2,45
Matthew,Longstaff,0,0,10,376,8,35.6,32.6,2.0,0,47,7.0,1,0,0,0.0,48
Mark,Gillespie,0,0,0,0,0,0.0,0.0,0.0,0,0,0.0,0,0,0,0.1,43
Jacob,Murphy,2,2,54,1167,25,225.5,282.8,239.0,7,199,74.6,1,0,3,0.1,49
Callum,Wilson,10,6,119,1901,33,218.3,487.6,686.0,19,353,139.0,5,0,2,5.7,65
Ryan,Fraser,0,4,39,922,18,395.0,142.8,165.0,0,154,70.1,4,1,0,0.2,56
Jamal,Lewis,0,1,43,1827,37,224.5,271.6,47.0,3,258,54.1,3,0,4,1.2,41
Elliot,Anderson,0,0,1,3,0,0.3,0.0,2.0,0,3,0.2,0,0,0,0.0,45
Daniel,Langley,0,0,0,0,0,0.0,0.0,0.0,0,0,0.0,0,0,0,0.1,39
Rhian,Brewster,0,0,31,1034,15,141.3,59.6,231.0,0,78,42.8,2,0,1,5.2,43
Billy,Sharp,3,0,39,725,15,68.1,121.2,162.0,6,101,34.9,0,0,1,0.1,55
David,McGoldrick,7,1,83,1949,30,263.1,403.0,722.0,9,296,138.9,7,0,7,1.3,52
Chris,Basham,0,1,38,2126,44,166.5,433.2,141.0,2,307,74.1,0,0,3,0.5,46
John,Fleck,0,3,59,2123,40,438.4,297.6,137.0,1,295,87.4,3,0,3,0.1,56
Enda,Stevens,0,0,37,2250,47,214.6,364.2,176.0,0,280,75.5,2,0,5,0.8,50
Simon,Moore,0,0,0,0,0,0.0,0.0,0.0,0,0,0.0,0,0,0,0.1,43
Oliver,Norwood,0,0,44,1764,36,386.4,333.4,35.0,0,278,75.6,3,0,4,0.1,45
Wes,Foderingham,0,0,0,0,0,0.0,0.0,0.0,0,0,0.0,0,0,0,0.1,43
George,Baldock,0,2,52,2427,45,262.3,298.4,200.0,2,291,76.2,2,0,5,0.8,49
Jack,Robinson,0,1,13,605,10,11.6,87.8,35.0,0,70,13.4,0,0,2,0.1,42
John,Egan,0,1,43,2178,41,35.4,431.2,99.0,4,319,56.5,2,1,6,1.6,47
Jack,O'Connell,0,0,3,180,3,2.5,40.2,0.0,0,19,4.3,0,0,0,0.1,47
John,Lundstram,0,2,47,2017,40,346.1,244.0,204.0,2,242,78.9,3,1,8,1.3,49
Ben,Osborn,1,0,40,1240,23,263.9,226.8,117.0,3,200,61.0,2,0,1,0.0,47
Oliver,McBurnie,1,2,44,1316,27,207.8,182.6,444.0,2,101,83.1,0,0,2,0.2,56
Lys,Mousset,0,0,12,280,10,35.0,14.2,51.0,0,12,9.5,0,0,0,0.1,58
Sander,Berge,1,1,29,1015,19,168.9,175.8,126.0,1,148,47.0,0,0,4,0.1,49
Oliver,Burke,1,2,43,1151,17,167.4,104.2,350.0,0,103,61.3,1,0,2,1.9,41
Luke,Freeman,0,0,0,0,0,0.0,0.0,0.0,0,0,0.0,0,0,0,0.0,50
Aaron,Ramsdale,0,0,96,2970,56,10.0,845.2,4.0,8,561,85.9,3,0,1,1.7,46
Ethan,Ampadu,0,0,44,2087,41,189.6,458.0,51.0,4,341,70.1,2,0,3,0.4,43
Jayden,Bogle,2,0,36,972,18,69.1,208.8,270.0,0,146,54.9,2,0,2,0.1,43
Max,Lowe,0,0,9,549,10,39.8,99.2,45.0,0,49,18.4,0,0,1,0.0,42
Phil,Jagielka,0,0,4,517,12,1.9,70.4,2.0,0,50,7.5,0,1,1,0.5,39
Michael,Verrips,0,0,0,0,0,0.0,0.0,0.0,0,0,0.0,0,0,0,0.2,40
Kean,Bryan,1,0,27,924,16,57.1,202.4,49.0,0,140,30.9,2,0,1,0.4,39
Antwoine,Hackford,0,0,1,10,0,0.1,0.0,18.0,0,3,1.8,0,0,0,0.1,44
Kyron,Gordon,0,0,0,0,0,0.0,0.0,0.0,0,0,0.0,0,0,0,0.0,40
Iliman,Ndiaye,0,0,1,11,1,0.3,2.2,0.0,0,5,0.3,0,0,0,0.0,45
Zak,Brunt,0,0,0,0,0,0.0,0.0,0.0,0,0,0.0,0,0,0,0.0,45
Frankie,Maguire,0,0,0,0,0,0.0,0.0,0.0,0,0,0.0,0,0,0,0.0,44
Theo,Walcott,2,4,66,1473,26,223.1,221.6,331.0,2,151,77.2,5,0,0,0.3,58
Takumi,Minamino,3,0,41,698,13,52.7,139.2,214.0,2,136,40.5,2,0,0,0.3,60
Shane,Long,0,0,12,201,6,6.4,9.8,19.0,0,21,3.4,1,0,0,0.4,51
Ryan,Bertrand,0,2,78,2598,51,271.8,306.8,135.0,4,404,71.4,8,0,5,0.8,50
Alex,McCarthy,0,0,83,2340,50,0.0,602.8,0.0,7,456,60.2,7,0,2,11.3,44
Oriol,Romeu Vidal,1,1,51,1732,24,226.6,344.6,98.0,4,259,66.9,6,0,6,1.4,45
Nathan,Redmond,2,2,54,1257,29,238.8,219.4,352.0,3,191,80.9,1,0,0,0.2,64
Danny,Ings,10,4,114,1912,35,278.6,565.8,794.0,18,404,162.8,6,0,1,6.2,84
Jack,Stephens,0,0,33,1087,32,57.3,251.2,51.0,6,223,36.1,4,0,2,0.2,46
Stuart,Armstrong,4,5,97,2237,46,424.4,477.8,379.0,4,372,128.1,8,0,3,0.4,55
Jannik,Vestergaard,3,1,82,2115,37,88.9,582.8,278.0,4,440,94.9,6,0,2,2.9,47
James,Ward-Prowse,7,6,132,2880,58,787.7,784.0,279.0,13,648,185.0,9,0,5,8.3,58
Angus,Gunn,0,0,0,0,0,0.0,0.0,0.0,0,0,0.0,0,0,0,0.1,43
Sofiane,Boufal,0,0,0,0,0,0.0,0.0,0.0,0,0,0.0,0,0,0,0.0,54
Josh,Sims,0,0,0,0,0,0.0,0.0,0.0,0,0,0.0,0,0,0,0.1,43
Kyle,Walker-Peters,0,2,82,2137,32,200.5,407.8,220.0,7,437,82.8,9,0,4,3.9,47
Jan,Bednarek,1,1,91,2785,55,72.5,626.0,147.0,11,548,84.6,9,1,3,5.2,47
Che,Adams,7,6,112,2269,47,393.2,457.0,807.0,11,352,165.7,7,0,1,4.3,58
Yan,Valery,0,0,3,101,4,22.1,26.0,12.0,0,12,6.0,0,0,0,0.1,47
William,Smallbone,0,0,5,171,5,7.4,16.8,9.0,0,17,3.3,0,0,0,0.1,43
Jake,Vokins,0,0,1,66,2,14.8,1.8,0.0,0,5,1.7,0,0,0,0.9,39
Michael,Obafemi,0,0,1,13,0,0.1,0.4,0.0,0,2,0.1,0,0,0,0.7,46
Moussa,Djenepo,1,2,43,1128,24,81.6,160.8,169.0,0,123,40.7,3,0,5,0.1,54
Mohammed,Salisu,0,0,8,451,12,15.1,91.2,26.0,0,50,13.4,0,0,0,0.1,43
Fraser,Forster,0,0,20,540,8,0.0,112.2,0.0,0,102,11.2,2,0,0,7.2,40
Nathan,Tella,0,1,18,527,8,28.9,23.0,108.0,0,40,15.8,1,0,2,0.3,43
Ibrahima,Diallo,0,0,26,858,17,104.7,107.2,40.0,0,113,25.1,3,0,2,0.0,45
Daniel,N'Lundulu,0,0,12,101,1,12.2,3.2,16.0,0,29,3.1,0,0,0,0.2,45
Kayne,Ramsay,0,0,-3,90,9,0.0,13.2,0.0,0,5,1.3,0,0,1,0.1,40
Kgaogelo,Chauke,0,0,0,0,0,0.0,0.0,0.0,0,0,0.0,0,0,0,0.0,44
Harry,Lewis,0,0,0,0,0,0.0,0.0,0.0,0,0,0.0,0,0,0,0.0,40
Will,Ferry,0,0,0,0,0,0.0,0.0,0.0,0,0,0.0,0,0,0,0.0,45
Allan,Tchaptchet,0,0,0,12,3,0.0,0.0,0.0,0,3,0.0,0,0,0,0.0,40
Caleb,Watts,0,0,2,36,0,4.4,5.4,0.0,0,6,0.9,0,0,1,0.0,45
Alexandre,Jankewitz,0,0,-1,2,9,0.3,4.4,0.0,0,-4,0.5,0,1,0,0.0,45
Ryan,Finnigan,0,0,0,0,0,0.0,0.0,0.0,0,0,0.0,0,0,0,0.0,45
Hugo,Lloris,0,0,129,2970,38,0.0,742.2,0.0,12,603,74.2,10,0,0,7.1,56
Danny,Rose,0,0,0,0,0,0.0,0.0,0.0,0,0,0.0,0,0,0,0.1,47
Moussa,Sissoko,0,0,43,1575,22,94.0,182.0,69.0,2,211,34.5,5,0,3,0.4,47
Toby,Alderweireld,1,0,73,1790,18,72.4,451.6,107.0,4,375,63.3,8,0,2,1.8,54
Erik,Lamela,1,1,26,665,16,131.1,111.8,218.0,0,91,45.7,1,1,4,0.1,57
Harry,Kane,21,13,218,2633,32,547.0,1192.6,1342.0,37,797,307.8,10,0,1,44.8,118
Serge,Aurier,2,1,65,1425,19,220.1,340.2,173.0,2,300,73.3,5,0,0,1.4,52
Heung-Min,Son,15,9,199,2669,29,834.3,916.4,917.0,25,661,267.2,11,0,0,45.5,95
Eric,Dier,0,0,63,2160,29,70.1,507.2,101.0,2,383,67.9,6,0,3,2.3,46
Lucas,Rodrigues Moura da Silva,3,5,79,1352,17,245.1,318.8,298.0,5,233,86.0,4,0,0,2.2,67
Paulo,Gazzaniga,0,0,0,0,0,0.0,0.0,0.0,0,0,0.0,0,0,0,0.2,43
Bamidele,Alli,0,1,15,232,3,65.5,40.0,43.0,0,47,14.7,1,0,0,0.6,74
Ben,Davies,0,2,52,1340,16,136.8,232.8,65.0,1,253,43.4,4,0,1,0.6,45
Pierre-Emile,Højbjerg,1,3,86,2970,38,259.9,600.4,103.0,3,482,96.4,10,0,7,0.9,49
Harry,Winks,0,0,14,652,12,54.3,88.2,16.0,0,86,15.7,1,0,4,0.1,51
Davinson,Sánchez,0,0,42,1396,20,9.9,301.8,112.0,3,240,42.5,4,0,1,0.8,52
Ryan,Sessegnon,0,0,0,0,0,0.0,0.0,0.0,0,0,0.0,0,0,0,0.1,47
Steven,Bergwijn,0,3,41,1049,11,151.6,91.2,121.0,0,86,35.9,5,0,2,0.4,70
Gedson,Carvalho Fernandes,0,0,0,0,0,0.0,0.0,0.0,0,0,0.0,0,0,0,0.1,47
Japhet,Tanganga,0,0,8,315,6,23.6,55.4,36.0,0,53,11.4,1,0,1,0.1,49
Giovani,Lo Celso,1,1,27,723,8,176.5,134.4,124.0,0,111,43.1,3,0,5,0.4,69
Oliver,Skipp,0,0,0,0,0,0.0,0.0,0.0,0,0,0.0,0,0,0,0.0,44
Tanguy,Ndombele,3,3,96,2052,23,267.9,402.8,281.0,7,395,95.4,12,0,3,0.7,59
Juan,Foyth,0,0,0,0,0,0.0,0.0,0.0,0,0,0.0,0,0,0,0.1,43
Matt,Doherty,0,2,45,1141,13,161.2,219.8,61.0,4,197,44.3,4,1,2,3.9,56
Joe,Hart,0,0,0,0,0,0.0,0.0,0.0,0,0,0.0,0,0,0,0.6,42
Cameron,Carter-Vickers,0,0,0,0,0,0.0,0.0,0.0,0,0,0.0,0,0,0,0.2,39
Sergio,Reguilón,0,5,74,1794,24,254.9,325.0,212.0,4,342,79.4,6,0,4,4.7,56
Gareth,Bale,6,2,69,644,10,208.6,331.4,279.0,10,220,81.8,3,0,1,3.1,91
Carlos Vinicius,Alves Morais,1,0,13,305,2,26.9,52.6,142.0,0,38,22.0,1,0,2,0.1,69
Joe,Rodon,0,0,26,731,12,3.6,164.2,6.0,3,164,17.5,2,0,0,0.1,50
Alfie,Devine,0,0,0,0,0,0.0,0.0,0.0,0,0,0.0,0,0,0,0.0,44
Dane,Scarlett,0,0,1,1,0,0.0,0.0,0.0,0,3,0.0,0,0,0,0.0,45
Ainsley,Maitland-Niles,0,2,63,1470,17,95.7,197.6,118.0,1,244,41.2,6,0,1,0.8,46
David,Button,0,0,2,90,2,0.0,23.4,0.0,0,18,2.3,0,0,0,3.7,39
Callum,Robinson,5,3,74,1413,38,235.6,258.6,320.0,8,268,80.7,3,0,0,1.1,52
Kieran,Gibbs,0,0,5,810,25,65.1,132.0,10.0,0,107,20.8,0,1,1,0.1,43
Hal,Robson-Kanu,0,0,14,311,6,27.6,18.2,41.0,0,15,8.5,0,0,1,0.1,52
Jake,Livermore,0,0,24,1226,34,72.6,136.6,53.0,0,101,25.9,1,1,2,0.0,47
Kamil,Grosicki,0,1,8,147,5,35.2,22.4,15.0,0,29,7.2,0,0,0,0.0,52
Matt,Phillips,2,1,60,1398,30,326.9,249.2,280.0,3,193,85.6,3,0,1,0.1,51
Kyle,Bartley,3,1,73,2133,41,69.3,579.6,219.0,3,378,86.8,5,0,4,0.3,44
Romaine,Sawyers,0,0,33,1486,42,102.4,152.4,13.0,0,196,26.7,1,0,2,0.0,46
Ahmed El-Sayed,Hegazy,0,0,6,90,0,0.3,19.6,0.0,0,24,2.0,1,0,0,0.1,41
Charlie,Austin,0,0,5,135,5,3.9,20.0,26.0,0,10,5.0,0,0,0,0.1,51
Kenneth,Zohore,0,0,0,0,0,0.0,0.0,0.0,0,0,0.0,0,0,0,0.0,48
Sam,Johnstone,0,1,124,2880,62,10.0,1006.4,0.0,17,670,101.6,6,0,0,2.9,45
Conor,Townsend,0,0,62,1784,24,258.5,310.4,115.0,6,315,68.3,6,0,0,0.1,44
Oluwasemilogo Adesewo Ibidapo,Ajayi,2,1,45,2329,59,46.1,494.2,138.0,2,291,67.7,1,1,3,0.2,48
Jonathan,Leko,0,0,0,0,0,0.0,0.0,0.0,0,0,0.0,0,0,0,0.0,45
Kyle,Edwards,0,0,5,114,3,12.8,13.0,39.0,0,15,6.4,0,0,0,0.0,47
Darnell,Furlong,1,3,74,2481,51,230.6,415.8,210.0,2,363,85.7,6,0,4,0.2,45
Sam,Field,0,0,3,61,2,0.5,20.0,0.0,0,16,2.0,0,0,0,0.0,48
Dara,O'Shea,0,0,40,2008,49,70.0,423.0,44.0,1,280,54.0,3,0,3,0.2,42
Rekeem,Harper,0,0,2,30,2,2.3,6.0,7.0,0,7,1.6,0,0,0,0.3,43
Robert,Snodgrass,0,0,14,528,14,56.0,76.4,75.0,0,76,20.7,0,0,2,0.1,56
Grady,Diangana,1,0,34,1086,28,88.5,152.4,151.0,0,96,39.2,1,0,0,0.2,50
Matheus,Pereira,9,6,132,2214,49,733.2,631.6,521.0,15,478,188.7,6,1,2,4.9,55
Cedric,Kipre,0,0,0,0,0,0.0,0.0,0.0,0,0,0.0,0,0,0,0.0,43
Branislav,Ivanovic,0,0,20,764,19,12.7,117.8,61.0,0,120,19.1,2,0,2,0.1,44
Conor,Gallagher,2,2,63,2080,36,241.5,360.2,246.0,3,281,84.6,5,0,9,0.1,55
Filip,Krovinovic,0,0,17,541,11,103.6,74.4,50.0,0,97,22.8,1,0,0,0.0,49
Karlan,Grant,1,0,38,1100,24,63.3,92.8,259.0,3,97,41.2,3,0,1,0.0,56
Lee,Peltier,0,0,2,228,8,20.3,45.6,0.0,0,25,6.7,0,0,1,0.1,39
Cheikh,Diaby,0,0,0,0,0,0.0,0.0,0.0,0,0,0.0,0,0,0,0.1,45
Andy,Lonergan,0,0,0,0,0,0.0,0.0,0.0,0,0,0.0,0,0,0,0.0,40
Mbaye,Diagne,2,5,47,1042,14,118.9,142.6,280.0,1,108,54.1,4,0,2,0.4,60
Okay,Yokuslu,0,1,25,888,10,82.5,142.6,76.0,0,134,30.1,4,0,3,0.0,45
Jesse,Lingard,9,4,91,973,15,167.9,419.2,419.0,13,269,100.4,3,0,2,31.8,66
Mark,Noble,0,0,26,695,15,88.6,80.4,7.0,0,129,17.6,0,0,1,0.3,45
David,Martin,0,0,0,0,0,0.0,0.0,0.0,0,0,0.0,0,0,0,5.4,39
Darren,Randolph,0,0,7,180,2,0.0,20.4,0.0,0,33,2.1,1,0,0,0.2,43
Lukasz,Fabianski,0,0,118,2790,41,0.0,665.8,0.0,9,570,66.6,9,0,2,3.2,50
Angelo,Ogbonna,2,0,85,2222,32,55.1,424.8,204.0,5,405,68.4,8,0,4,0.8,47
Roberto,Jimenez Gago,0,0,0,0,0,0.0,0.0,0.0,0,0,0.0,0,0,0,0.0,45
Jack,Wilshere,0,0,0,0,0,0.0,0.0,0.0,0,0,0.0,0,0,0,0.0,49
Aaron,Cresswell,0,10,136,2752,37,687.8,577.2,76.0,20,634,134.5,10,0,3,20.0,57
Andriy,Yarmolenko,0,1,16,345,7,77.6,50.0,106.0,0,44,23.2,1,0,3,0.1,55
Michail,Antonio,7,5,90,1544,21,268.7,406.6,831.0,13,255,150.2,5,0,3,5.1,64
Ryan,Fredericks,1,1,27,533,9,164.9,152.8,96.0,0,124,41.5,1,0,2,0.2,42
Manuel,Lanzini,1,1,25,424,3,131.5,99.8,101.0,0,89,33.1,1,0,1,0.1,64
Felipe Anderson,Pereira Gomes,0,0,2,2,0,0.4,2.4,2.0,0,8,0.5,0,0,0,0.1,61
Sébastien,Haller,3,0,41,932,12,131.6,169.6,361.0,4,113,66.2,3,0,0,0.2,61
Arthur,Masuaku,0,2,42,1006,15,200.5,187.4,62.0,4,209,45.0,4,0,2,0.5,43
Fabián,Balbuena,1,0,39,1197,19,9.0,260.8,79.0,0,193,35.0,4,1,1,0.6,41
Jordan,Hugill,0,0,0,0,0,0.0,0.0,0.0,0,0,0.0,0,0,0,0.0,55
Jarrod,Bowen,8,5,129,2333,33,450.6,510.6,755.0,8,402,171.8,7,0,0,3.2,60
Albian,Ajeti,0,0,0,0,0,0.0,0.0,0.0,0,0,0.0,0,0,0,0.0,55
Declan,Rice,1,1,76,2610,35,313.0,493.8,275.0,2,474,108.6,10,0,2,1.9,47
Tomas,Soucek,9,2,131,2970,43,222.5,765.0,792.0,15,485,178.1,10,1,6,12.4,53
Pablo,Fornals,3,6,98,2123,29,294.3,331.4,399.0,7,309,102.6,8,0,3,0.5,58
Issa,Diop,2,0,36,1197,20,16.5,324.6,48.0,1,194,39.1,2,0,3,0.6,43
Ben,Johnson,1,0,25,516,10,63.7,98.0,28.0,0,104,18.9,1,0,1,2.4,39
Vladimir,Coufal,0,7,105,2604,39,546.9,586.6,177.0,9,530,131.4,8,0,3,6.5,47
Craig,Dawson,3,0,63,1475,21,26.5,326.2,201.0,3,265,55.5,6,1,1,0.9,45
Saïd,Benrahma,0,4,50,1109,15,255.7,196.6,299.0,0,170,75.3,3,0,0,0.2,59
Frederik,Alves,0,0,0,0,0,0.0,0.0,0.0,0,0,0.0,0,0,0,0.0,40
Ademipo,Odubeko,0,0,0,0,0,0.0,0.0,0.0,0,0,0.0,0,0,0,0.0,45
Conor,Coventry,0,0,0,0,0,0.0,0.0,0.0,0,0,0.0,0,0,0,0.0,45
Jamal,Baptiste,0,0,0,0,0,0.0,0.0,0.0,0,0,0.0,0,0,0,0.0,40
Nathan,Trott,0,0,0,0,0,0.0,0.0,0.0,0,0,0.0,0,0,0,0.0,40
John,Ruddy,0,0,1,1,0,0.0,0.2,0.0,0,3,0.0,0,0,0,0.2,43
João Filipe Iria,Santos Moutinho,1,1,65,2177,34,589.9,405.8,85.0,4,382,108.4,6,1,3,0.8,51
Rui Pedro,dos Santos Patrício,0,0,122,2970,45,0.0,656.4,0.0,11,565,65.4,10,0,1,5.3,53
Ryan,Bennett,0,0,0,0,0,0.0,0.0,0.0,0,0,0.0,0,0,0,0.1,44
Willy,Boly,1,1,66,1710,26,43.8,395.0,159.0,4,342,59.8,6,0,1,1.2,54
Conor,Coady,1,0,99,2853,44,37.4,592.4,85.0,7,535,71.7,10,0,4,8.2,50
Raúl,Jiménez,4,1,43,824,10,96.2,177.4,275.0,7,148,55.0,4,0,0,4.5,81
Romain,Saïss,3,0,95,2137,35,76.2,535.4,296.0,11,439,90.9,8,0,2,7.4,50
Jonathan,Castro Otto,0,0,16,496,4,31.8,61.0,14.0,1,58,10.8,1,0,0,0.0,54
Léo,Bonatini,0,0,0,0,0,0.0,0.0,0.0,0,0,0.0,0,0,0,0.1,48
Leander,Dendoncker,1,2,71,2236,28,254.8,361.2,341.0,2,286,95.8,11,0,3,0.7,46
Adama,Traoré,1,4,79,2315,36,655.3,385.6,458.0,3,305,150.0,7,0,4,6.1,61
Rúben Diogo,da Silva Neves,5,1,96,2323,37,368.6,633.0,390.0,10,455,139.3,8,0,7,1.5,51
Oskar,Buur,0,0,1,22,0,0.5,0.6,0.0,0,2,0.1,0,0,0,1.5,39
Daniel,Castelo Podence,3,2,72,1573,23,286.7,277.8,440.0,5,229,100.2,8,0,3,1.1,53
Max,Kilman,0,1,54,1119,9,65.1,205.0,71.0,8,227,34.0,5,0,3,6.0,39
Rúben Gonçalo,Silva Nascimento Vinagre,0,0,1,172,7,25.3,31.2,0.0,0,24,5.7,0,0,0,0.7,41
Matija,Sarkic,0,0,0,0,0,0.0,0.0,0.0,0,0,0.0,0,0,0,0.1,44
Morgan,Gibbs-White,0,0,7,138,2,39.8,13.6,4.0,0,25,5.8,0,0,0,0.0,49
Pedro,Lomba Neto,5,8,124,2549,38,1007.3,594.2,722.0,10,492,232.5,9,0,4,4.6,56
Bruno André,Cavaco Jordao,0,0,0,0,0,0.0,0.0,0.0,0,0,0.0,0,0,0,0.2,43
Leonardo,Campana,0,0,0,0,0,0.0,0.0,0.0,0,0,0.0,0,0,0,0.3,47
Fabio,Silva,3,1,50,911,22,130.1,155.0,493.0,3,135,77.2,0,0,2,1.0,52
Fernando,Marçal,0,0,18,611,9,50.9,97.8,11.0,0,102,16.1,1,0,2,0.1,47
Vitor,Ferreira,0,1,19,281,4,84.4,46.6,33.0,0,68,16.5,0,0,0,0.0,47
Ki-Jana,Hoever,0,0,10,393,8,42.6,62.6,14.0,0,51,12.0,0,0,1,0.0,44
Nélson,Cabral Semedo,0,2,91,2623,39,368.6,507.0,251.0,7,472,112.9,9,0,4,3.8,53
Meritan,Shabani,0,0,0,0,0,0.0,0.0,0.0,0,0,0.0,0,0,0,0.0,44
Rayan,Ait Nouri,1,1,48,1057,18,147.0,185.2,120.0,6,215,45.2,3,0,0,0.2,50
Owen,Otasowie,0,1,7,115,5,24.0,37.2,12.0,0,28,7.3,0,0,1,0.0,45
Theo,Corbeanu,0,0,0,0,0,0.0,0.0,0.0,0,0,0.0,0,0,0,0.0,45
Taylor,Perry,0,0,0,0,0,0.0,0.0,0.0,0,0,0.0,0,0,0,0.0,44
Luke,Cundle,0,0,0,0,0,0.0,0.0,0.0,0,0,0.0,0,0,0,0.0,45
Lewis,Richards,0,0,0,0,0,0.0,0.0,0.0,0,0,0.0,0,0,0,0.0,40
Christian,Marques,0,0,0,0,0,0.0,0.0,0.0,0,0,0.0,0,0,0,0.1,39
Andreas,Söndergaard,0,0,0,0,0,0.0,0.0,0.0,0,0,0.0,0,0,0,0.2,40
Patrick,Cutrone,0,0,2,23,0,0.0,0.0,4.0,0,5,0.2,0,0,0,0.0,59
Nigel,Lonwijk,0,0,0,0,0,0.0,0.0,0.0,0,0,0.0,0,0,0,0.0,40
Willian José,Da Silva,1,1,35,974,12,152.0,82.2,217.0,3,118,44.9,5,0,0,0.5,68
Hugo,Bueno,0,0,0,0,0,0.0,0.0,0.0,0,0,0.0,0,0,0,0.0,40
